dataset_name,init_mode,index,time,tip_error,tip_dyn_saved,tip_dyn_replay,solver_exit,residual_norm,u_prev,u_curr,u_next,classification
dyn_fk_lem1_y40_a10_L94_hold1.npz,zero,0,0.0,34.389332326419414,"[-0.8272591911468055, 3.125050006440406, 94.23221079605595]","[-0.6508586331884046, 36.47902463805382, 85.85919240519144]",0,0.0018800380905404281,"[nan, nan, nan]","[0.0, 0.0, 0.01]","[0.001, 0.00033333333333333365, 0.011250000000000001]",expected_initial_state_mismatch
dyn_fk_lem1_y40_a10_L94_hold1.npz,zero,1,0.05,29.1777575377603,"[-0.7996031352037971, 3.184975907851682, 94.23172111140894]","[-0.706871248409155, 31.683165334301215, 87.9718381138043]",0,0.005066435805037689,"[0.0, 0.0, 0.01]","[0.001, 0.00033333333333333365, 0.011250000000000001]","[0.002, 0.0006666666666666673, 0.0125]",expected_initial_state_mismatch
dyn_fk_lem1_y40_a10_L94_hold1.npz,zero,2,0.1,23.853415957909228,"[-0.9552335768826483, 3.4674990445942706, 94.21469773132935]","[-0.8009547987589922, 26.900674664116607, 89.75959601483811]",0,5.271326690235465e-08,"[0.001, 0.00033333333333333365, 0.011250000000000001]","[0.002, 0.0006666666666666673, 0.0125]","[0.003, 0.0010000000000000009, 0.013750000000000002]",expected_initial_state_mismatch
dyn_fk_lem1_y40_a10_L94_hold1.npz,zero,3,0.15000000000000002,19.165150760600174,"[-0.9967521468090328, 3.742612324077693, 94.19932828036933]","[-0.8842467009133929, 22.652811893656246, 91.08569721039838]",0,1.505347509162591e-08,"[0.002, 0.0006666666666666673, 0.0125]","[0.003, 0.0010000000000000009, 0.013750000000000002]","[0.004, 0.0013333333333333346, 0.015000000000000001]",expected_initial_state_mismatch
dyn_fk_lem1_y40_a10_L94_hold1.npz,zero,4,0.2,15.222068973841736,"[-0.9960059013567035, 4.070212487000619, 94.18124179357157]","[-0.9536944817440651, 19.135411721273897, 92.00193786345595]",0,1.9051663806819653e-06,"[0.003, 0.0010000000000000009, 0.013750000000000002]","[0.004, 0.0013333333333333346, 0.015000000000000001]","[0.004999999999999999, 0.001666666666666668, 0.01625]",expected_initial_state_mismatch
dyn_fk_lem1_y40_a10_L94_hold1.npz,zero,5,0.25,11.9858143456405,"[-0.988691324238739, 4.468724836003356, 94.15778647798409]","[-1.0080435720532293, 16.354500923530416, 92.61256875357238]",0,1.1447748335440278e-06,"[0.004, 0.0013333333333333346, 0.015000000000000001]","[0.004999999999999999, 0.001666666666666668, 0.01625]","[0.006, 0.0020000000000000018, 0.0175]",expected_initial_state_mismatch
dyn_fk_lem1_y40_a10_L94_hold1.npz,zero,6,0.30000000000000004,9.364949861215619,"[-0.9822978055667925, 4.933842426152458, 94.1279605145638]","[-1.047175326346236, 14.231844541312325, 93.0120602157635]",0,1.814516606570622e-07,"[0.004999999999999999, 0.001666666666666668, 0.01625]","[0.006, 0.0020000000000000018, 0.0175]","[0.007, 0.0023333333333333353, 0.018750000000000003]",ok
dyn_fk_lem1_y40_a10_L94_hold1.npz,zero,7,0.35000000000000003,7.261145072912048,"[-0.9811125078724091, 5.4559208948217375, 94.09118696881575]","[-1.0731221722412536, 12.669818842496284, 93.26933637894274]",0,3.868869004413473e-07,"[0.006, 0.0020000000000000018, 0.0175]","[0.007, 0.0023333333333333353, 0.018750000000000003]","[0.008, 0.002666666666666669, 0.020000000000000004]",ok
dyn_fk_lem1_y40_a10_L94_hold1.npz,zero,8,0.4,5.589105007040945,"[-0.9875796051946657, 6.024759073463203, 94.0471049877052]","[-1.0901211413122704, 11.578770188507237, 93.43022530164954]",0,1.337931665707089e-06,"[0.007, 0.0023333333333333353, 0.018750000000000003]","[0.008, 0.002666666666666669, 0.020000000000000004]","[0.009, 0.0030000000000000027, 0.021250000000000005]",ok
dyn_fk_lem1_y40_a10_L94_hold1.npz,zero,9,0.45,4.277281975739724,"[-1.002795392499435, 6.63142032212316, 93.99544914853605]","[-1.1037438855350856, 10.881461669476868, 93.52417529234879]",0,1.8083116025163287e-06,"[0.008, 0.002666666666666669, 0.020000000000000004]","[0.009, 0.0030000000000000027, 0.021250000000000005]","[0.009999999999999998, 0.003333333333333336, 0.022500000000000003]",ok
dyn_fk_lem1_y40_a10_L94_hold1.npz,zero,10,0.5,3.2619022856547493,"[-1.0270202931150287, 7.268328027434044, 93.93603740936055]","[-1.1191581582245689, 10.508344794282413, 93.5702389873927]",0,1.8584170697823054e-07,"[0.009, 0.0030000000000000027, 0.021250000000000005]","[0.009999999999999998, 0.003333333333333336, 0.022500000000000003]","[0.011, 0.0036666666666666696, 0.02375]",ok
dyn_fk_lem1_y40_a10_L94_hold1.npz,zero,11,0.55,2.4837827238920087,"[-1.0598837854087033, 7.929044371076775, 93.86875361597266]","[-1.1398141595055045, 10.394812663510022, 93.581048067135]",0,1.3427917468441077e-06,"[0.009999999999999998, 0.003333333333333336, 0.022500000000000003]","[0.011, 0.0036666666666666696, 0.02375]","[0.012, 0.0040000000000000036, 0.025000000000000005]",ok
dyn_fk_lem1_y40_a10_L94_hold1.npz,zero,12,0.6000000000000001,1.8902423528922427,"[-1.1003611161563551, 8.607894702977413, 93.79355380790592]","[-1.1673135603185978, 10.483085253467387, 93.56509391593052]",0,5.334940321905384e-07,"[0.011, 0.0036666666666666696, 0.02375]","[0.012, 0.0040000000000000036, 0.025000000000000005]","[0.013, 0.0043333333333333375, 0.026250000000000002]",ok
dyn_fk_lem1_y40_a10_L94_hold1.npz,zero,13,0.65,1.4379934850039278,"[-1.147068665324526, 9.2993981044568, 93.71057204827547]","[-1.2021665538421866, 10.724705360163162, 93.52812010275161]",0,8.636449672196074e-09,"[0.012, 0.0040000000000000036, 0.025000000000000005]","[0.013, 0.0043333333333333375, 0.026250000000000002]","[0.014, 0.0046666666666666705, 0.027500000000000004]",ok
dyn_fk_lem1_y40_a10_L94_hold1.npz,zero,14,0.7000000000000001,1.0936159252534707,"[-1.1989101139749032, 9.998282230379772, 93.62016983389422]","[-1.24440248433482, 11.081135184120729, 93.4740338808179]",0,4.9837249333851755e-06,"[0.013, 0.0043333333333333375, 0.026250000000000002]","[0.014, 0.0046666666666666705, 0.027500000000000004]","[0.015, 0.0050000000000000044, 0.028750000000000005]",ok
dyn_fk_lem1_y40_a10_L94_hold1.npz,zero,15,0.75,0.8314037795629232,"[-1.2557748306028351, 10.70026416574567, 93.52276614658354]","[-1.2938802214056633, 11.522489059719206, 93.40560622342939]",0,3.5303598191396602e-06,"[0.014, 0.0046666666666666705, 0.027500000000000004]","[0.015, 0.0050000000000000044, 0.028750000000000005]","[0.016, 0.005333333333333338, 0.030000000000000006]",ok
dyn_fk_lem1_y40_a10_L94_hold1.npz,zero,16,0.8,0.6316174561410488,"[-1.3181341695508464, 11.402232230967716, 93.4187124520473]","[-1.350432016215914, 12.025998456706443, 93.32483404329133]",0,1.9845536294573844e-07,"[0.015, 0.0050000000000000044, 0.028750000000000005]","[0.016, 0.005333333333333338, 0.030000000000000006]","[0.016999999999999998, 0.005666666666666671, 0.03125000000000001]",ok
dyn_fk_lem1_y40_a10_L94_hold1.npz,zero,17,0.8500000000000001,0.47915225711508724,"[-1.3863373072503973, 12.10171476569003, 93.30835586100233]","[-1.4138484513639564, 12.574151401865329, 93.23329823482474]",0,1.2106046440704855e-07,"[0.016, 0.005333333333333338, 0.030000000000000006]","[0.016999999999999998, 0.005666666666666671, 0.03125000000000001]","[0.018, 0.006000000000000005, 0.0325]",ok
dyn_fk_lem1_y40_a10_L94_hold1.npz,zero,237,11.850000000000001,0.4252636004499816,"[9.002724651044925, 32.76659976286762, 86.32352409438187]","[8.58139163278721, 32.819873898909435, 86.34564838019007]",0,1.0517069662492082e-07,"[-0.27, 0.15000000000000002, 0.22000000000000003]","[-0.27999999999999997, 0.14, 0.22000000000000003]","[-0.27999999999999997, 0.15000000000000002, 0.22000000000000003]",ok
dyn_fk_lem1_y40_a10_L94_hold1.npz,zero,235,11.75,0.42235041230470016,"[9.154849767516234, 33.340523729424895, 86.02224901697765]","[8.86023120046083, 33.627565661924514, 85.92640174415753]",0,3.921064673430658e-08,"[-0.26, 0.15000000000000002, 0.22000000000000003]","[-0.27, 0.14, 0.22000000000000003]","[-0.27, 0.15000000000000002, 0.22000000000000003]",ok
dyn_fk_lem1_y40_a10_L94_hold1.npz,warm,0,0.0,34.389332326419414,"[-0.8272591911468055, 3.125050006440406, 94.23221079605595]","[-0.6508586331884046, 36.47902463805382, 85.85919240519144]",0,0.0018800380905404281,"[nan, nan, nan]","[0.0, 0.0, 0.01]","[0.001, 0.00033333333333333365, 0.011250000000000001]",expected_initial_state_mismatch
dyn_fk_lem1_y40_a10_L94_hold1.npz,warm,1,0.05,29.1777575377603,"[-0.7996031352037971, 3.184975907851682, 94.23172111140894]","[-0.706871248409155, 31.683165334301215, 87.9718381138043]",0,0.005066435805037689,"[0.0, 0.0, 0.01]","[0.001, 0.00033333333333333365, 0.011250000000000001]","[0.002, 0.0006666666666666673, 0.0125]",expected_initial_state_mismatch
dyn_fk_lem1_y40_a10_L94_hold1.npz,warm,2,0.1,23.853415957909228,"[-0.9552335768826483, 3.4674990445942706, 94.21469773132935]","[-0.8009547987589922, 26.900674664116607, 89.75959601483811]",0,5.271326690235465e-08,"[0.001, 0.00033333333333333365, 0.011250000000000001]","[0.002, 0.0006666666666666673, 0.0125]","[0.003, 0.0010000000000000009, 0.013750000000000002]",expected_initial_state_mismatch
dyn_fk_lem1_y40_a10_L94_hold1.npz,warm,3,0.15000000000000002,19.165150760600174,"[-0.9967521468090328, 3.742612324077693, 94.19932828036933]","[-0.8842467009133929, 22.652811893656246, 91.08569721039838]",0,1.505347509162591e-08,"[0.002, 0.0006666666666666673, 0.0125]","[0.003, 0.0010000000000000009, 0.013750000000000002]","[0.004, 0.0013333333333333346, 0.015000000000000001]",expected_initial_state_mismatch
dyn_fk_lem1_y40_a10_L94_hold1.npz,warm,4,0.2,15.222068973841736,"[-0.9960059013567035, 4.070212487000619, 94.18124179357157]","[-0.9536944817440651, 19.135411721273897, 92.00193786345595]",0,1.9051663806819653e-06,"[0.003, 0.0010000000000000009, 0.013750000000000002]","[0.004, 0.0013333333333333346, 0.015000000000000001]","[0.004999999999999999, 0.001666666666666668, 0.01625]",expected_initial_state_mismatch
dyn_fk_lem1_y40_a10_L94_hold1.npz,warm,5,0.25,11.9858143456405,"[-0.988691324238739, 4.468724836003356, 94.15778647798409]","[-1.0080435720532293, 16.354500923530416, 92.61256875357238]",0,1.1447748335440278e-06,"[0.004, 0.0013333333333333346, 0.015000000000000001]","[0.004999999999999999, 0.001666666666666668, 0.01625]","[0.006, 0.0020000000000000018, 0.0175]",expected_initial_state_mismatch
dyn_fk_lem1_y40_a10_L94_hold1.npz,warm,6,0.30000000000000004,9.364949861215619,"[-0.9822978055667925, 4.933842426152458, 94.1279605145638]","[-1.047175326346236, 14.231844541312325, 93.0120602157635]",0,1.814516606570622e-07,"[0.004999999999999999, 0.001666666666666668, 0.01625]","[0.006, 0.0020000000000000018, 0.0175]","[0.007, 0.0023333333333333353, 0.018750000000000003]",ok
dyn_fk_lem1_y40_a10_L94_hold1.npz,warm,7,0.35000000000000003,7.261145072912048,"[-0.9811125078724091, 5.4559208948217375, 94.09118696881575]","[-1.0731221722412536, 12.669818842496284, 93.26933637894274]",0,3.868869004413473e-07,"[0.006, 0.0020000000000000018, 0.0175]","[0.007, 0.0023333333333333353, 0.018750000000000003]","[0.008, 0.002666666666666669, 0.020000000000000004]",ok
dyn_fk_lem1_y40_a10_L94_hold1.npz,warm,8,0.4,5.589105007040945,"[-0.9875796051946657, 6.024759073463203, 94.0471049877052]","[-1.0901211413122704, 11.578770188507237, 93.43022530164954]",0,1.337931665707089e-06,"[0.007, 0.0023333333333333353, 0.018750000000000003]","[0.008, 0.002666666666666669, 0.020000000000000004]","[0.009, 0.0030000000000000027, 0.021250000000000005]",ok
dyn_fk_lem1_y40_a10_L94_hold1.npz,warm,9,0.45,4.277281975739724,"[-1.002795392499435, 6.63142032212316, 93.99544914853605]","[-1.1037438855350856, 10.881461669476868, 93.52417529234879]",0,1.8083116025163287e-06,"[0.008, 0.002666666666666669, 0.020000000000000004]","[0.009, 0.0030000000000000027, 0.021250000000000005]","[0.009999999999999998, 0.003333333333333336, 0.022500000000000003]",ok
dyn_fk_lem1_y40_a10_L94_hold1.npz,warm,10,0.5,3.2619022856547493,"[-1.0270202931150287, 7.268328027434044, 93.93603740936055]","[-1.1191581582245689, 10.508344794282413, 93.5702389873927]",0,1.8584170697823054e-07,"[0.009, 0.0030000000000000027, 0.021250000000000005]","[0.009999999999999998, 0.003333333333333336, 0.022500000000000003]","[0.011, 0.0036666666666666696, 0.02375]",ok
dyn_fk_lem1_y40_a10_L94_hold1.npz,warm,11,0.55,2.4837827238920087,"[-1.0598837854087033, 7.929044371076775, 93.86875361597266]","[-1.1398141595055045, 10.394812663510022, 93.581048067135]",0,1.3427917468441077e-06,"[0.009999999999999998, 0.003333333333333336, 0.022500000000000003]","[0.011, 0.0036666666666666696, 0.02375]","[0.012, 0.0040000000000000036, 0.025000000000000005]",ok
dyn_fk_lem1_y40_a10_L94_hold1.npz,warm,12,0.6000000000000001,1.8902423528922427,"[-1.1003611161563551, 8.607894702977413, 93.79355380790592]","[-1.1673135603185978, 10.483085253467387, 93.56509391593052]",0,5.334940321905384e-07,"[0.011, 0.0036666666666666696, 0.02375]","[0.012, 0.0040000000000000036, 0.025000000000000005]","[0.013, 0.0043333333333333375, 0.026250000000000002]",ok
dyn_fk_lem1_y40_a10_L94_hold1.npz,warm,13,0.65,1.4379934850039278,"[-1.147068665324526, 9.2993981044568, 93.71057204827547]","[-1.2021665538421866, 10.724705360163162, 93.52812010275161]",0,8.636449672196074e-09,"[0.012, 0.0040000000000000036, 0.025000000000000005]","[0.013, 0.0043333333333333375, 0.026250000000000002]","[0.014, 0.0046666666666666705, 0.027500000000000004]",ok
dyn_fk_lem1_y40_a10_L94_hold1.npz,warm,14,0.7000000000000001,1.0936159252534707,"[-1.1989101139749032, 9.998282230379772, 93.62016983389422]","[-1.24440248433482, 11.081135184120729, 93.4740338808179]",0,4.9837249333851755e-06,"[0.013, 0.0043333333333333375, 0.026250000000000002]","[0.014, 0.0046666666666666705, 0.027500000000000004]","[0.015, 0.0050000000000000044, 0.028750000000000005]",ok
dyn_fk_lem1_y40_a10_L94_hold1.npz,warm,15,0.75,0.8314037795629232,"[-1.2557748306028351, 10.70026416574567, 93.52276614658354]","[-1.2938802214056633, 11.522489059719206, 93.40560622342939]",0,3.5303598191396602e-06,"[0.014, 0.0046666666666666705, 0.027500000000000004]","[0.015, 0.0050000000000000044, 0.028750000000000005]","[0.016, 0.005333333333333338, 0.030000000000000006]",ok
dyn_fk_lem1_y40_a10_L94_hold1.npz,warm,16,0.8,0.6316174561410488,"[-1.3181341695508464, 11.402232230967716, 93.4187124520473]","[-1.350432016215914, 12.025998456706443, 93.32483404329133]",0,1.9845536294573844e-07,"[0.015, 0.0050000000000000044, 0.028750000000000005]","[0.016, 0.005333333333333338, 0.030000000000000006]","[0.016999999999999998, 0.005666666666666671, 0.03125000000000001]",ok
dyn_fk_lem1_y40_a10_L94_hold1.npz,warm,17,0.8500000000000001,0.47915225711508724,"[-1.3863373072503973, 12.10171476569003, 93.30835586100233]","[-1.4138484513639564, 12.574151401865329, 93.23329823482474]",0,1.2106046440704855e-07,"[0.016, 0.005333333333333338, 0.030000000000000006]","[0.016999999999999998, 0.005666666666666671, 0.03125000000000001]","[0.018, 0.006000000000000005, 0.0325]",ok
dyn_fk_lem1_y40_a10_L94_hold1.npz,warm,237,11.850000000000001,0.4252636004499816,"[9.002724651044925, 32.76659976286762, 86.32352409438187]","[8.58139163278721, 32.819873898909435, 86.34564838019007]",0,1.0517069662492082e-07,"[-0.27, 0.15000000000000002, 0.22000000000000003]","[-0.27999999999999997, 0.14, 0.22000000000000003]","[-0.27999999999999997, 0.15000000000000002, 0.22000000000000003]",ok
dyn_fk_lem1_y40_a10_L94_hold1.npz,warm,235,11.75,0.42235041230470016,"[9.154849767516234, 33.340523729424895, 86.02224901697765]","[8.86023120046083, 33.627565661924514, 85.92640174415753]",0,3.921064673430658e-08,"[-0.26, 0.15000000000000002, 0.22000000000000003]","[-0.27, 0.14, 0.22000000000000003]","[-0.27, 0.15000000000000002, 0.22000000000000003]",ok
dyn_fk_lem1_y40_a10_L94_hold1.npz,workspace,0,0.0,34.389332326419414,"[-0.8272591911468055, 3.125050006440406, 94.23221079605595]","[-0.6508586331884046, 36.47902463805382, 85.85919240519144]",0,0.0018800380905404281,"[nan, nan, nan]","[0.0, 0.0, 0.01]","[0.001, 0.00033333333333333365, 0.011250000000000001]",expected_initial_state_mismatch
dyn_fk_lem1_y40_a10_L94_hold1.npz,workspace,1,0.05,29.1777575377603,"[-0.7996031352037971, 3.184975907851682, 94.23172111140894]","[-0.706871248409155, 31.683165334301215, 87.9718381138043]",0,0.005066435805037689,"[0.0, 0.0, 0.01]","[0.001, 0.00033333333333333365, 0.011250000000000001]","[0.002, 0.0006666666666666673, 0.0125]",expected_initial_state_mismatch
dyn_fk_lem1_y40_a10_L94_hold1.npz,workspace,2,0.1,23.853415957909228,"[-0.9552335768826483, 3.4674990445942706, 94.21469773132935]","[-0.8009547987589922, 26.900674664116607, 89.75959601483811]",0,5.271326690235465e-08,"[0.001, 0.00033333333333333365, 0.011250000000000001]","[0.002, 0.0006666666666666673, 0.0125]","[0.003, 0.0010000000000000009, 0.013750000000000002]",expected_initial_state_mismatch
dyn_fk_lem1_y40_a10_L94_hold1.npz,workspace,3,0.15000000000000002,19.165150760600174,"[-0.9967521468090328, 3.742612324077693, 94.19932828036933]","[-0.8842467009133929, 22.652811893656246, 91.08569721039838]",0,1.505347509162591e-08,"[0.002, 0.0006666666666666673, 0.0125]","[0.003, 0.0010000000000000009, 0.013750000000000002]","[0.004, 0.0013333333333333346, 0.015000000000000001]",expected_initial_state_mismatch
dyn_fk_lem1_y40_a10_L94_hold1.npz,workspace,4,0.2,15.222068973841736,"[-0.9960059013567035, 4.070212487000619, 94.18124179357157]","[-0.9536944817440651, 19.135411721273897, 92.00193786345595]",0,1.9051663806819653e-06,"[0.003, 0.0010000000000000009, 0.013750000000000002]","[0.004, 0.0013333333333333346, 0.015000000000000001]","[0.004999999999999999, 0.001666666666666668, 0.01625]",expected_initial_state_mismatch
dyn_fk_lem1_y40_a10_L94_hold1.npz,workspace,5,0.25,11.9858143456405,"[-0.988691324238739, 4.468724836003356, 94.15778647798409]","[-1.0080435720532293, 16.354500923530416, 92.61256875357238]",0,1.1447748335440278e-06,"[0.004, 0.0013333333333333346, 0.015000000000000001]","[0.004999999999999999, 0.001666666666666668, 0.01625]","[0.006, 0.0020000000000000018, 0.0175]",expected_initial_state_mismatch
dyn_fk_lem1_y40_a10_L94_hold1.npz,workspace,6,0.30000000000000004,9.364949861215619,"[-0.9822978055667925, 4.933842426152458, 94.1279605145638]","[-1.047175326346236, 14.231844541312325, 93.0120602157635]",0,1.814516606570622e-07,"[0.004999999999999999, 0.001666666666666668, 0.01625]","[0.006, 0.0020000000000000018, 0.0175]","[0.007, 0.0023333333333333353, 0.018750000000000003]",ok
dyn_fk_lem1_y40_a10_L94_hold1.npz,workspace,7,0.35000000000000003,7.261145072912048,"[-0.9811125078724091, 5.4559208948217375, 94.09118696881575]","[-1.0731221722412536, 12.669818842496284, 93.26933637894274]",0,3.868869004413473e-07,"[0.006, 0.0020000000000000018, 0.0175]","[0.007, 0.0023333333333333353, 0.018750000000000003]","[0.008, 0.002666666666666669, 0.020000000000000004]",ok
dyn_fk_lem1_y40_a10_L94_hold1.npz,workspace,8,0.4,5.589105007040945,"[-0.9875796051946657, 6.024759073463203, 94.0471049877052]","[-1.0901211413122704, 11.578770188507237, 93.43022530164954]",0,1.337931665707089e-06,"[0.007, 0.0023333333333333353, 0.018750000000000003]","[0.008, 0.002666666666666669, 0.020000000000000004]","[0.009, 0.0030000000000000027, 0.021250000000000005]",ok
dyn_fk_lem1_y40_a10_L94_hold1.npz,workspace,9,0.45,4.277281975739724,"[-1.002795392499435, 6.63142032212316, 93.99544914853605]","[-1.1037438855350856, 10.881461669476868, 93.52417529234879]",0,1.8083116025163287e-06,"[0.008, 0.002666666666666669, 0.020000000000000004]","[0.009, 0.0030000000000000027, 0.021250000000000005]","[0.009999999999999998, 0.003333333333333336, 0.022500000000000003]",ok
dyn_fk_lem1_y40_a10_L94_hold1.npz,workspace,10,0.5,3.2619022856547493,"[-1.0270202931150287, 7.268328027434044, 93.93603740936055]","[-1.1191581582245689, 10.508344794282413, 93.5702389873927]",0,1.8584170697823054e-07,"[0.009, 0.0030000000000000027, 0.021250000000000005]","[0.009999999999999998, 0.003333333333333336, 0.022500000000000003]","[0.011, 0.0036666666666666696, 0.02375]",ok
dyn_fk_lem1_y40_a10_L94_hold1.npz,workspace,11,0.55,2.4837827238920087,"[-1.0598837854087033, 7.929044371076775, 93.86875361597266]","[-1.1398141595055045, 10.394812663510022, 93.581048067135]",0,1.3427917468441077e-06,"[0.009999999999999998, 0.003333333333333336, 0.022500000000000003]","[0.011, 0.0036666666666666696, 0.02375]","[0.012, 0.0040000000000000036, 0.025000000000000005]",ok
dyn_fk_lem1_y40_a10_L94_hold1.npz,workspace,12,0.6000000000000001,1.8902423528922427,"[-1.1003611161563551, 8.607894702977413, 93.79355380790592]","[-1.1673135603185978, 10.483085253467387, 93.56509391593052]",0,5.334940321905384e-07,"[0.011, 0.0036666666666666696, 0.02375]","[0.012, 0.0040000000000000036, 0.025000000000000005]","[0.013, 0.0043333333333333375, 0.026250000000000002]",ok
dyn_fk_lem1_y40_a10_L94_hold1.npz,workspace,13,0.65,1.4379934850039278,"[-1.147068665324526, 9.2993981044568, 93.71057204827547]","[-1.2021665538421866, 10.724705360163162, 93.52812010275161]",0,8.636449672196074e-09,"[0.012, 0.0040000000000000036, 0.025000000000000005]","[0.013, 0.0043333333333333375, 0.026250000000000002]","[0.014, 0.0046666666666666705, 0.027500000000000004]",ok
dyn_fk_lem1_y40_a10_L94_hold1.npz,workspace,14,0.7000000000000001,1.0936159252534707,"[-1.1989101139749032, 9.998282230379772, 93.62016983389422]","[-1.24440248433482, 11.081135184120729, 93.4740338808179]",0,4.9837249333851755e-06,"[0.013, 0.0043333333333333375, 0.026250000000000002]","[0.014, 0.0046666666666666705, 0.027500000000000004]","[0.015, 0.0050000000000000044, 0.028750000000000005]",ok
dyn_fk_lem1_y40_a10_L94_hold1.npz,workspace,15,0.75,0.8314037795629232,"[-1.2557748306028351, 10.70026416574567, 93.52276614658354]","[-1.2938802214056633, 11.522489059719206, 93.40560622342939]",0,3.5303598191396602e-06,"[0.014, 0.0046666666666666705, 0.027500000000000004]","[0.015, 0.0050000000000000044, 0.028750000000000005]","[0.016, 0.005333333333333338, 0.030000000000000006]",ok
dyn_fk_lem1_y40_a10_L94_hold1.npz,workspace,16,0.8,0.6316174561410488,"[-1.3181341695508464, 11.402232230967716, 93.4187124520473]","[-1.350432016215914, 12.025998456706443, 93.32483404329133]",0,1.9845536294573844e-07,"[0.015, 0.0050000000000000044, 0.028750000000000005]","[0.016, 0.005333333333333338, 0.030000000000000006]","[0.016999999999999998, 0.005666666666666671, 0.03125000000000001]",ok
dyn_fk_lem1_y40_a10_L94_hold1.npz,workspace,17,0.8500000000000001,0.47915225711508724,"[-1.3863373072503973, 12.10171476569003, 93.30835586100233]","[-1.4138484513639564, 12.574151401865329, 93.23329823482474]",0,1.2106046440704855e-07,"[0.016, 0.005333333333333338, 0.030000000000000006]","[0.016999999999999998, 0.005666666666666671, 0.03125000000000001]","[0.018, 0.006000000000000005, 0.0325]",ok
dyn_fk_lem1_y40_a10_L94_hold1.npz,workspace,237,11.850000000000001,0.4252636004499816,"[9.002724651044925, 32.76659976286762, 86.32352409438187]","[8.58139163278721, 32.819873898909435, 86.34564838019007]",0,1.0517069662492082e-07,"[-0.27, 0.15000000000000002, 0.22000000000000003]","[-0.27999999999999997, 0.14, 0.22000000000000003]","[-0.27999999999999997, 0.15000000000000002, 0.22000000000000003]",ok
dyn_fk_lem1_y40_a10_L94_hold1.npz,workspace,235,11.75,0.42235041230470016,"[9.154849767516234, 33.340523729424895, 86.02224901697765]","[8.86023120046083, 33.627565661924514, 85.92640174415753]",0,3.921064673430658e-08,"[-0.26, 0.15000000000000002, 0.22000000000000003]","[-0.27, 0.14, 0.22000000000000003]","[-0.27, 0.15000000000000002, 0.22000000000000003]",ok
dyn_fk_lem1_y40_a10_L94_hold1.npz,equilibrium_seed,2,0.1,3.2262848275384792,"[-0.9552335768826483, 3.4674990445942706, 94.21469773132935]","[-1.5988923352719453, 6.622235229613724, 94.00913315733216]",0,1.8669674325028157e-08,"[0.001, 0.00033333333333333365, 0.011250000000000001]","[0.002, 0.0006666666666666673, 0.0125]","[0.003, 0.0010000000000000009, 0.013750000000000002]",ok
dyn_fk_lem1_y40_a10_L94_hold1.npz,equilibrium_seed,1,0.05,3.1355418221278155,"[-0.7996031352037971, 3.184975907851682, 94.23172111140894]","[-1.518392711605444, 6.231451826164375, 94.04746980935168]",0,1.3677821466832227e-07,"[0.0, 0.0, 0.01]","[0.001, 0.00033333333333333365, 0.011250000000000001]","[0.002, 0.0006666666666666673, 0.0125]",ok
dyn_fk_lem1_y40_a10_L94_hold1.npz,equilibrium_seed,3,0.15000000000000002,2.9573070256108176,"[-0.9967521468090328, 3.742612324077693, 94.19932828036933]","[-1.5660665053856095, 6.638041747292841, 94.00430402540181]",0,6.254142623823033e-09,"[0.002, 0.0006666666666666673, 0.0125]","[0.003, 0.0010000000000000009, 0.013750000000000002]","[0.004, 0.0013333333333333346, 0.015000000000000001]",ok
dyn_fk_lem1_y40_a10_L94_hold1.npz,equilibrium_seed,4,0.2,2.5562113624106817,"[-0.9960059013567035, 4.070212487000619, 94.18124179357157]","[-1.48772827031287, 6.572670118583112, 94.00765768335364]",0,1.1322303909572615e-08,"[0.003, 0.0010000000000000009, 0.013750000000000002]","[0.004, 0.0013333333333333346, 0.015000000000000001]","[0.004999999999999999, 0.001666666666666668, 0.01625]",ok
dyn_fk_lem1_y40_a10_L94_hold1.npz,equilibrium_seed,5,0.25,2.128215294160606,"[-0.988691324238739, 4.468724836003356, 94.15778647798409]","[-1.3984597223209785, 6.551728909048806, 94.00783905417062]",0,8.65863925436441e-08,"[0.004, 0.0013333333333333346, 0.015000000000000001]","[0.004999999999999999, 0.001666666666666668, 0.01625]","[0.006, 0.0020000000000000018, 0.0175]",ok
dyn_fk_lem1_y40_a10_L94_hold1.npz,equilibrium_seed,6,0.30000000000000004,1.7301381266501992,"[-0.9822978055667925, 4.933842426152458, 94.1279605145638]","[-1.3157650155232306, 6.626716547970563, 94.00007476535339]",0,2.8459511908278463e-09,"[0.004999999999999999, 0.001666666666666668, 0.01625]","[0.006, 0.0020000000000000018, 0.0175]","[0.007, 0.0023333333333333353, 0.018750000000000003]",ok
dyn_fk_lem1_y40_a10_L94_hold1.npz,equilibrium_seed,0,0.0,1.4707829758652644,"[-0.8272591911468055, 3.125050006440406, 94.23221079605595]","[-1.1466320582554779, 4.5594038177016145, 94.17030217007932]",0,5.899380719777282e-07,"[nan, nan, nan]","[0.0, 0.0, 0.01]","[0.001, 0.00033333333333333365, 0.011250000000000001]",ok
dyn_fk_lem1_y40_a10_L94_hold1.npz,equilibrium_seed,7,0.35000000000000003,1.3851433927319283,"[-0.9811125078724091, 5.4559208948217375, 94.09118696881575]","[-1.24766281134444, 6.810836895093788, 93.9826706734741]",0,1.2509042941958527e-06,"[0.006, 0.0020000000000000018, 0.0175]","[0.007, 0.0023333333333333353, 0.018750000000000003]","[0.008, 0.002666666666666669, 0.020000000000000004]",ok
dyn_fk_lem1_y40_a10_L94_hold1.npz,equilibrium_seed,8,0.4,1.0981302344946848,"[-0.9875796051946657, 6.024759073463203, 94.0471049877052]","[-1.197056253746759, 7.0987999909226325, 93.95520475241909]",0,2.751403304661639e-06,"[0.007, 0.0023333333333333353, 0.018750000000000003]","[0.008, 0.002666666666666669, 0.020000000000000004]","[0.009, 0.0030000000000000027, 0.021250000000000005]",ok
dyn_fk_lem1_y40_a10_L94_hold1.npz,equilibrium_seed,9,0.45,0.8649979472930336,"[-1.002795392499435, 6.63142032212316, 93.99544914853605]","[-1.1641990738547188, 7.47766247990504, 93.91770269614888]",0,8.862652720592444e-07,"[0.008, 0.002666666666666669, 0.020000000000000004]","[0.009, 0.0030000000000000027, 0.021250000000000005]","[0.009999999999999998, 0.003333333333333336, 0.022500000000000003]",ok
dyn_fk_lem1_y40_a10_L94_hold1.npz,equilibrium_seed,10,0.5,0.6773187249472884,"[-1.0270202931150287, 7.268328027434044, 93.93603740936055]","[-1.1471348823677159, 7.931687275901688, 93.87055727431701]",0,0.0008850040327227538,"[0.009, 0.0030000000000000027, 0.021250000000000005]","[0.009999999999999998, 0.003333333333333336, 0.022500000000000003]","[0.011, 0.0036666666666666696, 0.02375]",ok
dyn_fk_lem1_y40_a10_L94_hold1.npz,equilibrium_seed,11,0.55,0.5290938054268721,"[-1.0598837854087033, 7.929044371076775, 93.86875361597266]","[-1.149432162709051, 8.447584870293417, 93.81364378258407]",0,0.000930807392536684,"[0.009999999999999998, 0.003333333333333336, 0.022500000000000003]","[0.011, 0.0036666666666666696, 0.02375]","[0.012, 0.0040000000000000036, 0.025000000000000005]",ok
dyn_fk_lem1_y40_a10_L94_hold1.npz,equilibrium_seed,12,0.6000000000000001,0.4117962240647472,"[-1.1003611161563551, 8.607894702977413, 93.79355380790592]","[-1.1675871236470956, 9.01154157819304, 93.74744530327284]",0,0.0008968240179255206,"[0.011, 0.0036666666666666696, 0.02375]","[0.012, 0.0040000000000000036, 0.025000000000000005]","[0.013, 0.0043333333333333375, 0.026250000000000002]",ok
dyn_fk_lem1_y40_a10_L94_hold1.npz,equilibrium_seed,235,11.75,0.4065374965068068,"[9.154849767516234, 33.340523729424895, 86.02224901697765]","[8.870860355148091, 33.61646302857707, 85.9301607282965]",0,6.329978002461584e-05,"[-0.26, 0.15000000000000002, 0.22000000000000003]","[-0.27, 0.14, 0.22000000000000003]","[-0.27, 0.15000000000000002, 0.22000000000000003]",ok
dyn_fk_lem1_y40_a10_L94_hold1.npz,equilibrium_seed,237,11.850000000000001,0.40192710931906467,"[9.002724651044925, 32.76659976286762, 86.32352409438187]","[8.604862802193276, 32.81891472378136, 86.34620658318977]",0,0.0021555667788531003,"[-0.27, 0.15000000000000002, 0.22000000000000003]","[-0.27999999999999997, 0.14, 0.22000000000000003]","[-0.27999999999999997, 0.15000000000000002, 0.22000000000000003]",ok
dyn_fk_lem1_y40_a10_L94_hold1.npz,equilibrium_seed,238,11.9,0.3945490924633361,"[8.99722770103442, 32.48267430792768, 86.45014873965535]","[8.610999089115158, 32.43330914701579, 86.51386315393269]",0,2.1751798392364035e-08,"[-0.27999999999999997, 0.14, 0.22000000000000003]","[-0.27999999999999997, 0.15000000000000002, 0.22000000000000003]","[-0.29, 0.14, 0.22000000000000003]",ok
dyn_fk_lem1_y40_a10_L94_hold1.npz,equilibrium_seed,236,11.8,0.39304134641937877,"[9.165262536233502, 33.01245797741391, 86.1701303963758]","[8.814255679972355, 33.18529220120665, 86.13266016901079]",0,1.89017228630818e-08,"[-0.27, 0.14, 0.22000000000000003]","[-0.27, 0.15000000000000002, 0.22000000000000003]","[-0.27999999999999997, 0.14, 0.22000000000000003]",ok
dyn_fk_lem1_y40_a10_L94_hold1.npz,equilibrium_seed,239,11.950000000000001,0.36900650584685757,"[8.824433284924224, 32.25289385309211, 86.59433734277201]","[8.487497267431586, 32.1310120943355, 86.68256862042287]",0,5.797619743319107e-07,"[-0.27999999999999997, 0.15000000000000002, 0.22000000000000003]","[-0.29, 0.14, 0.22000000000000003]","[-0.29, 0.14, 0.22000000000000003]",ok
dyn_fk_lem1_y40_a10_L94_hold1.npz,equilibrium_seed,234,11.700000000000001,0.32848861848563543,"[9.315350877272117, 33.642444516670906, 85.84015082949999]","[9.19700395493021, 33.924033145694224, 85.71929296897132]",0,4.532279345588846e-09,"[-0.26, 0.14, 0.22000000000000003]","[-0.26, 0.15000000000000002, 0.22000000000000003]","[-0.27, 0.14, 0.22000000000000003]",ok
dyn_fk_lem1_y40_a10_L94_hold1.npz,equilibrium_seed,240,12.0,0.32330120031225523,"[8.729801806463966, 32.10018401376448, 86.66701876607296]","[8.462836847579714, 31.94358916172362, 86.76046088273121]",0,5.504490516591992e-08,"[-0.29, 0.14, 0.22000000000000003]","[-0.29, 0.14, 0.22000000000000003]","[-0.3, 0.13, 0.22000000000000003]",ok
dyn_fk_lem1_y40_a10_L94_hold2.npz,zero,0,0.0,34.389332326419414,"[-0.8272591911468055, 3.125050006440406, 94.23221079605595]","[-0.6508586331884046, 36.47902463805382, 85.85919240519144]",0,0.0018800380905404281,"[nan, nan, nan]","[0.0, 0.0, 0.01]","[0.0, 0.0, 0.01]",expected_initial_state_mismatch
dyn_fk_lem1_y40_a10_L94_hold2.npz,zero,1,0.05,29.072765675095518,"[-0.8265461691119013, 3.123064314315152, 94.23231411334706]","[-0.6714269343884285, 31.528844183578858, 88.04253931607344]",0,0.0008177488115043217,"[0.0, 0.0, 0.01]","[0.0, 0.0, 0.01]","[0.001, 0.00033333333333333365, 0.011250000000000001]",expected_initial_state_mismatch
dyn_fk_lem1_y40_a10_L94_hold2.npz,zero,2,0.1,23.78341501989464,"[-0.8308645156146105, 3.2028511347332596, 94.22772674445366]","[-0.7330493083827841, 26.58469140133894, 89.87677191353191]",0,1.3100962395842854e-06,"[0.0, 0.0, 0.01]","[0.001, 0.00033333333333333365, 0.011250000000000001]","[0.001, 0.00033333333333333365, 0.011250000000000001]",expected_initial_state_mismatch
dyn_fk_lem1_y40_a10_L94_hold2.npz,zero,3,0.15000000000000002,19.011345127823212,"[-0.8307882328170548, 3.276134681697412, 94.22467713426228]","[-0.7703478624764369, 22.05613081042428, 91.26844034810247]",0,2.25839487457163e-09,"[0.001, 0.00033333333333333365, 0.011250000000000001]","[0.001, 0.00033333333333333365, 0.011250000000000001]","[0.002, 0.0006666666666666673, 0.0125]",expected_initial_state_mismatch
dyn_fk_lem1_y40_a10_L94_hold2.npz,zero,4,0.2,15.016177648174134,"[-0.8359266724257032, 3.4415511911007326, 94.21641561532819]","[-0.8235393170073751, 18.322572845370157, 92.20628322164994]",0,7.867192504348831e-07,"[0.001, 0.00033333333333333365, 0.011250000000000001]","[0.002, 0.0006666666666666673, 0.0125]","[0.002, 0.0006666666666666673, 0.0125]",expected_initial_state_mismatch
dyn_fk_lem1_y40_a10_L94_hold2.npz,zero,5,0.25,11.730479384508502,"[-0.837922462989308, 3.6104377011282875, 94.20873838454524]","[-0.8473371673360188, 15.261389315154144, 92.84514590827189]",0,1.072937124465276e-07,"[0.002, 0.0006666666666666673, 0.0125]","[0.002, 0.0006666666666666673, 0.0125]","[0.003, 0.0010000000000000009, 0.013750000000000002]",expected_initial_state_mismatch
dyn_fk_lem1_y40_a10_L94_hold2.npz,zero,6,0.30000000000000004,9.11181554905678,"[-0.8454424183838791, 3.8598719709568297, 94.19546140851185]","[-0.8784383451878238, 12.922407708504972, 93.24966022723217]",0,0.0006821991976082276,"[0.002, 0.0006666666666666673, 0.0125]","[0.003, 0.0010000000000000009, 0.013750000000000002]","[0.003, 0.0010000000000000009, 0.013750000000000002]",ok
dyn_fk_lem1_y40_a10_L94_hold2.npz,zero,7,0.35000000000000003,7.059205749117448,"[-0.8435093294985337, 4.092157322899912, 94.1836954054997]","[-0.893716914047789, 11.119737482927327, 93.51812639989953]",0,3.49819045315611e-08,"[0.003, 0.0010000000000000009, 0.013750000000000002]","[0.003, 0.0010000000000000009, 0.013750000000000002]","[0.004, 0.0013333333333333346, 0.015000000000000001]",ok
dyn_fk_lem1_y40_a10_L94_hold2.npz,zero,8,0.4,5.4310227132966,"[-0.8511681051042418, 4.398375110796468, 94.16553361241121]","[-0.9106506566540168, 9.80775915833902, 93.68487389431861]",0,0.0003947580833819191,"[0.003, 0.0010000000000000009, 0.013750000000000002]","[0.004, 0.0013333333333333346, 0.015000000000000001]","[0.004, 0.0013333333333333346, 0.015000000000000001]",ok
dyn_fk_lem1_y40_a10_L94_hold2.npz,zero,9,0.45,4.1840670247378675,"[-0.850125512517123, 4.674425163151451, 94.14963317798042]","[-0.9136979317135127, 8.843095754186784, 93.79670128872495]",0,3.7324005524084076e-08,"[0.004, 0.0013333333333333346, 0.015000000000000001]","[0.004, 0.0013333333333333346, 0.015000000000000001]","[0.004999999999999999, 0.001666666666666668, 0.01625]",ok
dyn_fk_lem1_y40_a10_L94_hold2.npz,zero,10,0.5,3.1915687962367048,"[-0.8601993078026419, 5.017694353583933, 94.12663103408623]","[-0.9218639547796589, 8.197694383525459, 93.86222857192503]",0,3.413654654257457e-09,"[0.004, 0.0013333333333333346, 0.015000000000000001]","[0.004999999999999999, 0.001666666666666668, 0.01625]","[0.004999999999999999, 0.001666666666666668, 0.01625]",ok
dyn_fk_lem1_y40_a10_L94_hold2.npz,zero,11,0.55,2.4421625921637538,"[-0.8602226247786621, 5.321074031493676, 94.1067184447472]","[-0.9164136881383476, 7.754354853747987, 93.90635594573135]",0,1.822398891226891e-08,"[0.004999999999999999, 0.001666666666666668, 0.01625]","[0.004999999999999999, 0.001666666666666668, 0.01625]","[0.006, 0.0020000000000000018, 0.0175]",ok
dyn_fk_lem1_y40_a10_L94_hold2.npz,zero,12,0.6000000000000001,1.853727351473999,"[-0.8731846844230555, 5.687529042896079, 94.0789773273274]","[-0.9225540205875414, 7.534165492680439, 93.92469970556293]",0,7.475599468912519e-08,"[0.004999999999999999, 0.001666666666666668, 0.01625]","[0.006, 0.0020000000000000018, 0.0175]","[0.006, 0.0020000000000000018, 0.0175]",ok
dyn_fk_lem1_y40_a10_L94_hold2.npz,zero,13,0.65,1.4157204985270193,"[-0.875170065401019, 6.007585672453981, 94.05519603877623]","[-0.9177321283399122, 7.41759955296572, 93.93555550420619]",0,1.4339980724542207e-08,"[0.006, 0.0020000000000000018, 0.0175]","[0.006, 0.0020000000000000018, 0.0175]","[0.007, 0.0023333333333333353, 0.018750000000000003]",ok
dyn_fk_lem1_y40_a10_L94_hold2.npz,zero,14,0.7000000000000001,1.07446913562852,"[-0.8914795778383279, 6.388122969557254, 94.02286486035017]","[-0.9272865003680322, 7.457889067913096, 93.92904438003926]",0,2.8263002588809337e-07,"[0.006, 0.0020000000000000018, 0.0175]","[0.007, 0.0023333333333333353, 0.018750000000000003]","[0.007, 0.0023333333333333353, 0.018750000000000003]",ok
dyn_fk_lem1_y40_a10_L94_hold2.npz,zero,15,0.75,0.8268048383962067,"[-0.8958489935067618, 6.718059289795399, 93.99536467156246]","[-0.9262615343977054, 7.540957988791349, 93.92107436706243]",0,9.706942841614168e-09,"[0.007, 0.0023333333333333353, 0.018750000000000003]","[0.007, 0.0023333333333333353, 0.018750000000000003]","[0.008, 0.002666666666666669, 0.020000000000000004]",ok
dyn_fk_lem1_y40_a10_L94_hold2.npz,zero,16,0.8,0.629878034751203,"[-0.9158071787681182, 7.106836791340135, 93.95860090773148]","[-0.9406756419204808, 7.733444678454345, 93.89952084333795]",0,0.00031670595572117106,"[0.007, 0.0023333333333333353, 0.018750000000000003]","[0.008, 0.002666666666666669, 0.020000000000000004]","[0.008, 0.002666666666666669, 0.020000000000000004]",ok
dyn_fk_lem1_y40_a10_L94_hold2.npz,zero,17,0.8500000000000001,0.4871678255529496,"[-0.9226768942349057, 7.4424004756543205, 93.9275041556727]","[-0.942342333912865, 7.926878282860419, 93.88031289524206]",0,1.574709947819773e-09,"[0.008, 0.002666666666666669, 0.020000000000000004]","[0.008, 0.002666666666666669, 0.020000000000000004]","[0.009, 0.0030000000000000027, 0.021250000000000005]",ok
dyn_fk_lem1_y40_a10_L94_hold2.npz,zero,18,0.9,0.3720325114233087,"[-0.9464399468395541, 7.835653817907144, 93.88646288542996]","[-0.9614376775292726, 8.205472821876993, 93.84881767414298]",0,9.260788610385977e-10,"[0.008, 0.002666666666666669, 0.020000000000000004]","[0.009, 0.0030000000000000027, 0.021250000000000005]","[0.009, 0.0030000000000000027, 0.021250000000000005]",ok
dyn_fk_lem1_y40_a10_L94_hold2.npz,zero,19,0.9500000000000001,0.2892866162919354,"[-0.955741515283163, 8.173988613965784, 93.85190797118405]","[-0.96707761412751, 8.461459444354661, 93.82159690218016]",0,9.581575122678314e-06,"[0.009, 0.0030000000000000027, 0.021250000000000005]","[0.009, 0.0030000000000000027, 0.021250000000000005]","[0.009999999999999998, 0.003333333333333336, 0.022500000000000003]",ok
dyn_fk_lem1_y40_a10_L94_hold2.npz,warm,0,0.0,34.389332326419414,"[-0.8272591911468055, 3.125050006440406, 94.23221079605595]","[-0.6508586331884046, 36.47902463805382, 85.85919240519144]",0,0.0018800380905404281,"[nan, nan, nan]","[0.0, 0.0, 0.01]","[0.0, 0.0, 0.01]",expected_initial_state_mismatch
dyn_fk_lem1_y40_a10_L94_hold2.npz,warm,1,0.05,29.072765675095518,"[-0.8265461691119013, 3.123064314315152, 94.23231411334706]","[-0.6714269343884285, 31.528844183578858, 88.04253931607344]",0,0.0008177488115043217,"[0.0, 0.0, 0.01]","[0.0, 0.0, 0.01]","[0.001, 0.00033333333333333365, 0.011250000000000001]",expected_initial_state_mismatch
dyn_fk_lem1_y40_a10_L94_hold2.npz,warm,2,0.1,23.78341501989464,"[-0.8308645156146105, 3.2028511347332596, 94.22772674445366]","[-0.7330493083827841, 26.58469140133894, 89.87677191353191]",0,1.3100962395842854e-06,"[0.0, 0.0, 0.01]","[0.001, 0.00033333333333333365, 0.011250000000000001]","[0.001, 0.00033333333333333365, 0.011250000000000001]",expected_initial_state_mismatch
dyn_fk_lem1_y40_a10_L94_hold2.npz,warm,3,0.15000000000000002,19.011345127823212,"[-0.8307882328170548, 3.276134681697412, 94.22467713426228]","[-0.7703478624764369, 22.05613081042428, 91.26844034810247]",0,2.25839487457163e-09,"[0.001, 0.00033333333333333365, 0.011250000000000001]","[0.001, 0.00033333333333333365, 0.011250000000000001]","[0.002, 0.0006666666666666673, 0.0125]",expected_initial_state_mismatch
dyn_fk_lem1_y40_a10_L94_hold2.npz,warm,4,0.2,15.016177648174134,"[-0.8359266724257032, 3.4415511911007326, 94.21641561532819]","[-0.8235393170073751, 18.322572845370157, 92.20628322164994]",0,7.867192504348831e-07,"[0.001, 0.00033333333333333365, 0.011250000000000001]","[0.002, 0.0006666666666666673, 0.0125]","[0.002, 0.0006666666666666673, 0.0125]",expected_initial_state_mismatch
dyn_fk_lem1_y40_a10_L94_hold2.npz,warm,5,0.25,11.730479384508502,"[-0.837922462989308, 3.6104377011282875, 94.20873838454524]","[-0.8473371673360188, 15.261389315154144, 92.84514590827189]",0,1.072937124465276e-07,"[0.002, 0.0006666666666666673, 0.0125]","[0.002, 0.0006666666666666673, 0.0125]","[0.003, 0.0010000000000000009, 0.013750000000000002]",expected_initial_state_mismatch
dyn_fk_lem1_y40_a10_L94_hold2.npz,warm,6,0.30000000000000004,9.11181554905678,"[-0.8454424183838791, 3.8598719709568297, 94.19546140851185]","[-0.8784383451878238, 12.922407708504972, 93.24966022723217]",0,0.0006821991976082276,"[0.002, 0.0006666666666666673, 0.0125]","[0.003, 0.0010000000000000009, 0.013750000000000002]","[0.003, 0.0010000000000000009, 0.013750000000000002]",ok
dyn_fk_lem1_y40_a10_L94_hold2.npz,warm,7,0.35000000000000003,7.059205749117448,"[-0.8435093294985337, 4.092157322899912, 94.1836954054997]","[-0.893716914047789, 11.119737482927327, 93.51812639989953]",0,3.49819045315611e-08,"[0.003, 0.0010000000000000009, 0.013750000000000002]","[0.003, 0.0010000000000000009, 0.013750000000000002]","[0.004, 0.0013333333333333346, 0.015000000000000001]",ok
dyn_fk_lem1_y40_a10_L94_hold2.npz,warm,8,0.4,5.4310227132966,"[-0.8511681051042418, 4.398375110796468, 94.16553361241121]","[-0.9106506566540168, 9.80775915833902, 93.68487389431861]",0,0.0003947580833819191,"[0.003, 0.0010000000000000009, 0.013750000000000002]","[0.004, 0.0013333333333333346, 0.015000000000000001]","[0.004, 0.0013333333333333346, 0.015000000000000001]",ok
dyn_fk_lem1_y40_a10_L94_hold2.npz,warm,9,0.45,4.1840670247378675,"[-0.850125512517123, 4.674425163151451, 94.14963317798042]","[-0.9136979317135127, 8.843095754186784, 93.79670128872495]",0,3.7324005524084076e-08,"[0.004, 0.0013333333333333346, 0.015000000000000001]","[0.004, 0.0013333333333333346, 0.015000000000000001]","[0.004999999999999999, 0.001666666666666668, 0.01625]",ok
dyn_fk_lem1_y40_a10_L94_hold2.npz,warm,10,0.5,3.1915687962367048,"[-0.8601993078026419, 5.017694353583933, 94.12663103408623]","[-0.9218639547796589, 8.197694383525459, 93.86222857192503]",0,3.413654654257457e-09,"[0.004, 0.0013333333333333346, 0.015000000000000001]","[0.004999999999999999, 0.001666666666666668, 0.01625]","[0.004999999999999999, 0.001666666666666668, 0.01625]",ok
dyn_fk_lem1_y40_a10_L94_hold2.npz,warm,11,0.55,2.4421625921637538,"[-0.8602226247786621, 5.321074031493676, 94.1067184447472]","[-0.9164136881383476, 7.754354853747987, 93.90635594573135]",0,1.822398891226891e-08,"[0.004999999999999999, 0.001666666666666668, 0.01625]","[0.004999999999999999, 0.001666666666666668, 0.01625]","[0.006, 0.0020000000000000018, 0.0175]",ok
dyn_fk_lem1_y40_a10_L94_hold2.npz,warm,12,0.6000000000000001,1.853727351473999,"[-0.8731846844230555, 5.687529042896079, 94.0789773273274]","[-0.9225540205875414, 7.534165492680439, 93.92469970556293]",0,7.475599468912519e-08,"[0.004999999999999999, 0.001666666666666668, 0.01625]","[0.006, 0.0020000000000000018, 0.0175]","[0.006, 0.0020000000000000018, 0.0175]",ok
dyn_fk_lem1_y40_a10_L94_hold2.npz,warm,13,0.65,1.4157204985270193,"[-0.875170065401019, 6.007585672453981, 94.05519603877623]","[-0.9177321283399122, 7.41759955296572, 93.93555550420619]",0,1.4339980724542207e-08,"[0.006, 0.0020000000000000018, 0.0175]","[0.006, 0.0020000000000000018, 0.0175]","[0.007, 0.0023333333333333353, 0.018750000000000003]",ok
dyn_fk_lem1_y40_a10_L94_hold2.npz,warm,14,0.7000000000000001,1.07446913562852,"[-0.8914795778383279, 6.388122969557254, 94.02286486035017]","[-0.9272865003680322, 7.457889067913096, 93.92904438003926]",0,2.8263002588809337e-07,"[0.006, 0.0020000000000000018, 0.0175]","[0.007, 0.0023333333333333353, 0.018750000000000003]","[0.007, 0.0023333333333333353, 0.018750000000000003]",ok
dyn_fk_lem1_y40_a10_L94_hold2.npz,warm,15,0.75,0.8268048383962067,"[-0.8958489935067618, 6.718059289795399, 93.99536467156246]","[-0.9262615343977054, 7.540957988791349, 93.92107436706243]",0,9.706942841614168e-09,"[0.007, 0.0023333333333333353, 0.018750000000000003]","[0.007, 0.0023333333333333353, 0.018750000000000003]","[0.008, 0.002666666666666669, 0.020000000000000004]",ok
dyn_fk_lem1_y40_a10_L94_hold2.npz,warm,16,0.8,0.629878034751203,"[-0.9158071787681182, 7.106836791340135, 93.95860090773148]","[-0.9406756419204808, 7.733444678454345, 93.89952084333795]",0,0.00031670595572117106,"[0.007, 0.0023333333333333353, 0.018750000000000003]","[0.008, 0.002666666666666669, 0.020000000000000004]","[0.008, 0.002666666666666669, 0.020000000000000004]",ok
dyn_fk_lem1_y40_a10_L94_hold2.npz,warm,17,0.8500000000000001,0.4871678255529496,"[-0.9226768942349057, 7.4424004756543205, 93.9275041556727]","[-0.942342333912865, 7.926878282860419, 93.88031289524206]",0,1.574709947819773e-09,"[0.008, 0.002666666666666669, 0.020000000000000004]","[0.008, 0.002666666666666669, 0.020000000000000004]","[0.009, 0.0030000000000000027, 0.021250000000000005]",ok
dyn_fk_lem1_y40_a10_L94_hold2.npz,warm,18,0.9,0.3720325114233087,"[-0.9464399468395541, 7.835653817907144, 93.88646288542996]","[-0.9614376775292726, 8.205472821876993, 93.84881767414298]",0,9.260788610385977e-10,"[0.008, 0.002666666666666669, 0.020000000000000004]","[0.009, 0.0030000000000000027, 0.021250000000000005]","[0.009, 0.0030000000000000027, 0.021250000000000005]",ok
dyn_fk_lem1_y40_a10_L94_hold2.npz,warm,19,0.9500000000000001,0.2892866162919354,"[-0.955741515283163, 8.173988613965784, 93.85190797118405]","[-0.96707761412751, 8.461459444354661, 93.82159690218016]",0,9.581575122678314e-06,"[0.009, 0.0030000000000000027, 0.021250000000000005]","[0.009, 0.0030000000000000027, 0.021250000000000005]","[0.009999999999999998, 0.003333333333333336, 0.022500000000000003]",ok
dyn_fk_lem1_y40_a10_L94_hold2.npz,workspace,0,0.0,34.389332326419414,"[-0.8272591911468055, 3.125050006440406, 94.23221079605595]","[-0.6508586331884046, 36.47902463805382, 85.85919240519144]",0,0.0018800380905404281,"[nan, nan, nan]","[0.0, 0.0, 0.01]","[0.0, 0.0, 0.01]",expected_initial_state_mismatch
dyn_fk_lem1_y40_a10_L94_hold2.npz,workspace,1,0.05,29.072765675095518,"[-0.8265461691119013, 3.123064314315152, 94.23231411334706]","[-0.6714269343884285, 31.528844183578858, 88.04253931607344]",0,0.0008177488115043217,"[0.0, 0.0, 0.01]","[0.0, 0.0, 0.01]","[0.001, 0.00033333333333333365, 0.011250000000000001]",expected_initial_state_mismatch
dyn_fk_lem1_y40_a10_L94_hold2.npz,workspace,2,0.1,23.78341501989464,"[-0.8308645156146105, 3.2028511347332596, 94.22772674445366]","[-0.7330493083827841, 26.58469140133894, 89.87677191353191]",0,1.3100962395842854e-06,"[0.0, 0.0, 0.01]","[0.001, 0.00033333333333333365, 0.011250000000000001]","[0.001, 0.00033333333333333365, 0.011250000000000001]",expected_initial_state_mismatch
dyn_fk_lem1_y40_a10_L94_hold2.npz,workspace,3,0.15000000000000002,19.011345127823212,"[-0.8307882328170548, 3.276134681697412, 94.22467713426228]","[-0.7703478624764369, 22.05613081042428, 91.26844034810247]",0,2.25839487457163e-09,"[0.001, 0.00033333333333333365, 0.011250000000000001]","[0.001, 0.00033333333333333365, 0.011250000000000001]","[0.002, 0.0006666666666666673, 0.0125]",expected_initial_state_mismatch
dyn_fk_lem1_y40_a10_L94_hold2.npz,workspace,4,0.2,15.016177648174134,"[-0.8359266724257032, 3.4415511911007326, 94.21641561532819]","[-0.8235393170073751, 18.322572845370157, 92.20628322164994]",0,7.867192504348831e-07,"[0.001, 0.00033333333333333365, 0.011250000000000001]","[0.002, 0.0006666666666666673, 0.0125]","[0.002, 0.0006666666666666673, 0.0125]",expected_initial_state_mismatch
dyn_fk_lem1_y40_a10_L94_hold2.npz,workspace,5,0.25,11.730479384508502,"[-0.837922462989308, 3.6104377011282875, 94.20873838454524]","[-0.8473371673360188, 15.261389315154144, 92.84514590827189]",0,1.072937124465276e-07,"[0.002, 0.0006666666666666673, 0.0125]","[0.002, 0.0006666666666666673, 0.0125]","[0.003, 0.0010000000000000009, 0.013750000000000002]",expected_initial_state_mismatch
dyn_fk_lem1_y40_a10_L94_hold2.npz,workspace,6,0.30000000000000004,9.11181554905678,"[-0.8454424183838791, 3.8598719709568297, 94.19546140851185]","[-0.8784383451878238, 12.922407708504972, 93.24966022723217]",0,0.0006821991976082276,"[0.002, 0.0006666666666666673, 0.0125]","[0.003, 0.0010000000000000009, 0.013750000000000002]","[0.003, 0.0010000000000000009, 0.013750000000000002]",ok
dyn_fk_lem1_y40_a10_L94_hold2.npz,workspace,7,0.35000000000000003,7.059205749117448,"[-0.8435093294985337, 4.092157322899912, 94.1836954054997]","[-0.893716914047789, 11.119737482927327, 93.51812639989953]",0,3.49819045315611e-08,"[0.003, 0.0010000000000000009, 0.013750000000000002]","[0.003, 0.0010000000000000009, 0.013750000000000002]","[0.004, 0.0013333333333333346, 0.015000000000000001]",ok
dyn_fk_lem1_y40_a10_L94_hold2.npz,workspace,8,0.4,5.4310227132966,"[-0.8511681051042418, 4.398375110796468, 94.16553361241121]","[-0.9106506566540168, 9.80775915833902, 93.68487389431861]",0,0.0003947580833819191,"[0.003, 0.0010000000000000009, 0.013750000000000002]","[0.004, 0.0013333333333333346, 0.015000000000000001]","[0.004, 0.0013333333333333346, 0.015000000000000001]",ok
dyn_fk_lem1_y40_a10_L94_hold2.npz,workspace,9,0.45,4.1840670247378675,"[-0.850125512517123, 4.674425163151451, 94.14963317798042]","[-0.9136979317135127, 8.843095754186784, 93.79670128872495]",0,3.7324005524084076e-08,"[0.004, 0.0013333333333333346, 0.015000000000000001]","[0.004, 0.0013333333333333346, 0.015000000000000001]","[0.004999999999999999, 0.001666666666666668, 0.01625]",ok
dyn_fk_lem1_y40_a10_L94_hold2.npz,workspace,10,0.5,3.1915687962367048,"[-0.8601993078026419, 5.017694353583933, 94.12663103408623]","[-0.9218639547796589, 8.197694383525459, 93.86222857192503]",0,3.413654654257457e-09,"[0.004, 0.0013333333333333346, 0.015000000000000001]","[0.004999999999999999, 0.001666666666666668, 0.01625]","[0.004999999999999999, 0.001666666666666668, 0.01625]",ok
dyn_fk_lem1_y40_a10_L94_hold2.npz,workspace,11,0.55,2.4421625921637538,"[-0.8602226247786621, 5.321074031493676, 94.1067184447472]","[-0.9164136881383476, 7.754354853747987, 93.90635594573135]",0,1.822398891226891e-08,"[0.004999999999999999, 0.001666666666666668, 0.01625]","[0.004999999999999999, 0.001666666666666668, 0.01625]","[0.006, 0.0020000000000000018, 0.0175]",ok
dyn_fk_lem1_y40_a10_L94_hold2.npz,workspace,12,0.6000000000000001,1.853727351473999,"[-0.8731846844230555, 5.687529042896079, 94.0789773273274]","[-0.9225540205875414, 7.534165492680439, 93.92469970556293]",0,7.475599468912519e-08,"[0.004999999999999999, 0.001666666666666668, 0.01625]","[0.006, 0.0020000000000000018, 0.0175]","[0.006, 0.0020000000000000018, 0.0175]",ok
dyn_fk_lem1_y40_a10_L94_hold2.npz,workspace,13,0.65,1.4157204985270193,"[-0.875170065401019, 6.007585672453981, 94.05519603877623]","[-0.9177321283399122, 7.41759955296572, 93.93555550420619]",0,1.4339980724542207e-08,"[0.006, 0.0020000000000000018, 0.0175]","[0.006, 0.0020000000000000018, 0.0175]","[0.007, 0.0023333333333333353, 0.018750000000000003]",ok
dyn_fk_lem1_y40_a10_L94_hold2.npz,workspace,14,0.7000000000000001,1.07446913562852,"[-0.8914795778383279, 6.388122969557254, 94.02286486035017]","[-0.9272865003680322, 7.457889067913096, 93.92904438003926]",0,2.8263002588809337e-07,"[0.006, 0.0020000000000000018, 0.0175]","[0.007, 0.0023333333333333353, 0.018750000000000003]","[0.007, 0.0023333333333333353, 0.018750000000000003]",ok
dyn_fk_lem1_y40_a10_L94_hold2.npz,workspace,15,0.75,0.8268048383962067,"[-0.8958489935067618, 6.718059289795399, 93.99536467156246]","[-0.9262615343977054, 7.540957988791349, 93.92107436706243]",0,9.706942841614168e-09,"[0.007, 0.0023333333333333353, 0.018750000000000003]","[0.007, 0.0023333333333333353, 0.018750000000000003]","[0.008, 0.002666666666666669, 0.020000000000000004]",ok
dyn_fk_lem1_y40_a10_L94_hold2.npz,workspace,16,0.8,0.629878034751203,"[-0.9158071787681182, 7.106836791340135, 93.95860090773148]","[-0.9406756419204808, 7.733444678454345, 93.89952084333795]",0,0.00031670595572117106,"[0.007, 0.0023333333333333353, 0.018750000000000003]","[0.008, 0.002666666666666669, 0.020000000000000004]","[0.008, 0.002666666666666669, 0.020000000000000004]",ok
dyn_fk_lem1_y40_a10_L94_hold2.npz,workspace,17,0.8500000000000001,0.4871678255529496,"[-0.9226768942349057, 7.4424004756543205, 93.9275041556727]","[-0.942342333912865, 7.926878282860419, 93.88031289524206]",0,1.574709947819773e-09,"[0.008, 0.002666666666666669, 0.020000000000000004]","[0.008, 0.002666666666666669, 0.020000000000000004]","[0.009, 0.0030000000000000027, 0.021250000000000005]",ok
dyn_fk_lem1_y40_a10_L94_hold2.npz,workspace,18,0.9,0.3720325114233087,"[-0.9464399468395541, 7.835653817907144, 93.88646288542996]","[-0.9614376775292726, 8.205472821876993, 93.84881767414298]",0,9.260788610385977e-10,"[0.008, 0.002666666666666669, 0.020000000000000004]","[0.009, 0.0030000000000000027, 0.021250000000000005]","[0.009, 0.0030000000000000027, 0.021250000000000005]",ok
dyn_fk_lem1_y40_a10_L94_hold2.npz,workspace,19,0.9500000000000001,0.2892866162919354,"[-0.955741515283163, 8.173988613965784, 93.85190797118405]","[-0.96707761412751, 8.461459444354661, 93.82159690218016]",0,9.581575122678314e-06,"[0.009, 0.0030000000000000027, 0.021250000000000005]","[0.009, 0.0030000000000000027, 0.021250000000000005]","[0.009999999999999998, 0.003333333333333336, 0.022500000000000003]",ok
dyn_fk_lem1_y40_a10_L94_hold2.npz,equilibrium_seed,2,0.1,3.398445311132701,"[-0.8308645156146105, 3.2028511347332596, 94.22772674445366]","[-1.5883827700272648, 6.50933026615797, 94.02086355187377]",0,8.047137295022904e-07,"[0.0, 0.0, 0.01]","[0.001, 0.00033333333333333365, 0.011250000000000001]","[0.001, 0.00033333333333333365, 0.011250000000000001]",ok
dyn_fk_lem1_y40_a10_L94_hold2.npz,equilibrium_seed,1,0.05,3.1560702918953103,"[-0.8265461691119013, 3.123064314315152, 94.23231411334706]","[-1.5098270508686762, 6.199000011474708, 94.05196303641823]",0,3.204189616470838e-07,"[0.0, 0.0, 0.01]","[0.0, 0.0, 0.01]","[0.001, 0.00033333333333333365, 0.011250000000000001]",ok
dyn_fk_lem1_y40_a10_L94_hold2.npz,equilibrium_seed,3,0.15000000000000002,3.145436695014045,"[-0.8307882328170548, 3.276134681697412, 94.22467713426228]","[-1.5452528478307919, 6.333391269440072, 94.03364186804617]",0,0.00012399995275813103,"[0.001, 0.00033333333333333365, 0.011250000000000001]","[0.001, 0.00033333333333333365, 0.011250000000000001]","[0.002, 0.0006666666666666673, 0.0125]",ok
dyn_fk_lem1_y40_a10_L94_hold2.npz,equilibrium_seed,4,0.2,2.72381287876273,"[-0.8359266724257032, 3.4415511911007326, 94.21641561532819]","[-1.463460375203784, 6.086938779612857, 94.05124129245279]",0,1.494101952672753e-07,"[0.001, 0.00033333333333333365, 0.011250000000000001]","[0.002, 0.0006666666666666673, 0.0125]","[0.002, 0.0006666666666666673, 0.0125]",ok
dyn_fk_lem1_y40_a10_L94_hold2.npz,equilibrium_seed,5,0.25,2.225364696405105,"[-0.837922462989308, 3.6104377011282875, 94.20873838454524]","[-1.3589256406088808, 5.769845806357536, 94.0754703989421]",0,0.00031807034344619314,"[0.002, 0.0006666666666666673, 0.0125]","[0.002, 0.0006666666666666673, 0.0125]","[0.003, 0.0010000000000000009, 0.013750000000000002]",ok
dyn_fk_lem1_y40_a10_L94_hold2.npz,equilibrium_seed,6,0.30000000000000004,1.795597688743068,"[-0.8454424183838791, 3.8598719709568297, 94.19546140851185]","[-1.2701448037666838, 5.601136072501414, 94.08684155608267]",0,5.968304529545688e-08,"[0.002, 0.0006666666666666673, 0.0125]","[0.003, 0.0010000000000000009, 0.013750000000000002]","[0.003, 0.0010000000000000009, 0.013750000000000002]",ok
dyn_fk_lem1_y40_a10_L94_hold2.npz,equilibrium_seed,0,0.0,1.4707829758652644,"[-0.8272591911468055, 3.125050006440406, 94.23221079605595]","[-1.1466320582554779, 4.5594038177016145, 94.17030217007932]",0,5.899380719777282e-07,"[nan, nan, nan]","[0.0, 0.0, 0.01]","[0.0, 0.0, 0.01]",ok
dyn_fk_lem1_y40_a10_L94_hold2.npz,equilibrium_seed,7,0.35000000000000003,1.4218401375310548,"[-0.8435093294985337, 4.092157322899912, 94.1836954054997]","[-1.1826572905685102, 5.470225671892086, 94.09688721059628]",0,3.15380183384374e-05,"[0.003, 0.0010000000000000009, 0.013750000000000002]","[0.003, 0.0010000000000000009, 0.013750000000000002]","[0.004, 0.0013333333333333346, 0.015000000000000001]",ok
dyn_fk_lem1_y40_a10_L94_hold2.npz,equilibrium_seed,8,0.4,1.1166175700282717,"[-0.8511681051042418, 4.398375110796468, 94.16553361241121]","[-1.1188080907909026, 5.480154530411629, 94.09512819319812]",0,3.263977144650602e-09,"[0.003, 0.0010000000000000009, 0.013750000000000002]","[0.004, 0.0013333333333333346, 0.015000000000000001]","[0.004, 0.0013333333333333346, 0.015000000000000001]",ok
dyn_fk_lem1_y40_a10_L94_hold2.npz,equilibrium_seed,9,0.45,0.8776402335265098,"[-0.850125512517123, 4.674425163151451, 94.14963317798042]","[-1.05927968467418, 5.524873088465726, 94.09266618663975]",0,1.894093018705539e-08,"[0.004, 0.0013333333333333346, 0.015000000000000001]","[0.004, 0.0013333333333333346, 0.015000000000000001]","[0.004999999999999999, 0.001666666666666668, 0.01625]",ok
dyn_fk_lem1_y40_a10_L94_hold2.npz,equilibrium_seed,10,0.5,0.6807694102177304,"[-0.8601993078026419, 5.017694353583933, 94.12663103408623]","[-1.0218990439219124, 5.677358160015948, 94.08032933097738]",0,6.337022605099639e-09,"[0.004, 0.0013333333333333346, 0.015000000000000001]","[0.004999999999999999, 0.001666666666666668, 0.01625]","[0.004999999999999999, 0.001666666666666668, 0.01625]",ok
dyn_fk_lem1_y40_a10_L94_hold2.npz,equilibrium_seed,11,0.55,0.5311633746566057,"[-0.8602226247786621, 5.321074031493676, 94.1067184447472]","[-0.9849854793943539, 5.836006518666646, 94.06912463756308]",0,2.496323831817137e-08,"[0.004999999999999999, 0.001666666666666668, 0.01625]","[0.004999999999999999, 0.001666666666666668, 0.01625]","[0.006, 0.0020000000000000018, 0.0175]",ok
dyn_fk_lem1_y40_a10_L94_hold2.npz,equilibrium_seed,12,0.6000000000000001,0.40959358202832186,"[-0.8731846844230555, 5.687529042896079, 94.0789773273274]","[-0.9683591032754005, 6.084736079772433, 94.04839461504059]",0,0.00020072165943616792,"[0.004999999999999999, 0.001666666666666668, 0.01625]","[0.006, 0.0020000000000000018, 0.0175]","[0.006, 0.0020000000000000018, 0.0175]",ok
dyn_fk_lem1_y40_a10_L94_hold2.npz,equilibrium_seed,13,0.65,0.31766695823303004,"[-0.875170065401019, 6.007585672453981, 94.05519603877623]","[-0.9470204855518951, 6.316026996932572, 94.03042180153145]",0,5.485885183147464e-06,"[0.006, 0.0020000000000000018, 0.0175]","[0.006, 0.0020000000000000018, 0.0175]","[0.007, 0.0023333333333333353, 0.018750000000000003]",ok
dyn_fk_lem1_y40_a10_L94_hold2.npz,equilibrium_seed,14,0.7000000000000001,0.24433783273461154,"[-0.8914795778383279, 6.388122969557254, 94.02286486035017]","[-0.9453283125595942, 6.625600471609107, 94.00272221172646]",0,0.00025398948064186136,"[0.006, 0.0020000000000000018, 0.0175]","[0.007, 0.0023333333333333353, 0.018750000000000003]","[0.007, 0.0023333333333333353, 0.018750000000000003]",ok
dyn_fk_lem1_y40_a10_L94_hold2.npz,equilibrium_seed,629,31.450000000000003,0.19961302994436428,"[-8.942449870843832, 42.07055080465151, 81.10876575217769]","[-9.131567425796304, 42.008357708203896, 81.1233235983998]",0,1.6315123023663686e-07,"[0.22000000000000003, 0.0, 0.25000000000000006]","[0.22000000000000003, 0.0, 0.25000000000000006]","[0.2, 0.010000000000000009, 0.23000000000000004]",ok
dyn_fk_lem1_y40_a10_L94_hold2.npz,equilibrium_seed,630,31.5,0.19470597180957158,"[-9.055574615116464, 41.768917516222885, 81.30349432704071]","[-9.248430169978265, 41.74422234809167, 81.29313579972127]",0,2.214085571320236e-06,"[0.22000000000000003, 0.0, 0.25000000000000006]","[0.2, 0.010000000000000009, 0.23000000000000004]","[0.2, 0.010000000000000009, 0.23000000000000004]",ok
dyn_fk_lem1_y40_a10_L94_hold2.npz,equilibrium_seed,631,31.55,0.19046559424759346,"[-9.017937242377034, 41.53506829991982, 81.44852835708468]","[-9.205297324026377, 41.54970694754857, 81.4175597860482]",0,2.6777519383960846e-05,"[0.2, 0.010000000000000009, 0.23000000000000004]","[0.2, 0.010000000000000009, 0.23000000000000004]","[0.19, 0.020000000000000018, 0.22000000000000003]",ok
dyn_fk_lem1_y40_a10_L94_hold2.npz,equilibrium_seed,15,0.75,0.18875261614956015,"[-0.8958489935067618, 6.718059289795399, 93.99536467156246]","[-0.9349839138063464, 6.901989688510047, 93.97906692493542]",0,7.060377470654637e-05,"[0.007, 0.0023333333333333353, 0.018750000000000003]","[0.007, 0.0023333333333333353, 0.018750000000000003]","[0.008, 0.002666666666666669, 0.020000000000000004]",ok
dyn_fk_lem1_y40_a10_L94_hold2.npz,equilibrium_seed,628,31.400000000000002,0.17886174814001932,"[-9.01610586555369, 42.25050629210469, 80.98428208651028]","[-9.172681066899909, 42.17041425636575, 81.01685503667277]",0,4.740328695550309e-07,"[0.24000000000000005, -0.010000000000000009, 0.2700000000000001]","[0.22000000000000003, 0.0, 0.25000000000000006]","[0.22000000000000003, 0.0, 0.25000000000000006]",ok
dyn_fk_lem1_y40_a10_hold1.npz,zero,0,0.0,34.38957984941847,"[-0.8271854888243086, 3.1247982290597, 94.23222600819753]","[-0.6508586331884046, 36.47902463805382, 85.85919240519144]",0,0.0018800380905404281,"[nan, nan, nan]","[0.0, 0.0, 0.01]","[0.001, 0.00033333333333333365, 0.011250000000000001]",expected_initial_state_mismatch
dyn_fk_lem1_y40_a10_hold1.npz,zero,1,0.05,29.15835558388896,"[-0.8319999033973217, 3.2041005912626903, 94.22778844433196]","[-0.706871248409155, 31.683165334301215, 87.9718381138043]",0,0.005066435805037689,"[0.0, 0.0, 0.01]","[0.001, 0.00033333333333333365, 0.011250000000000001]","[0.002, 0.0006666666666666673, 0.0125]",expected_initial_state_mismatch
dyn_fk_lem1_y40_a10_hold1.npz,zero,2,0.1,23.9563194583121,"[-0.8370310698811968, 3.3632129811898546, 94.2196226981798]","[-0.8009547987589922, 26.900674664116607, 89.75959601483811]",0,5.271326690235465e-08,"[0.001, 0.00033333333333333365, 0.011250000000000001]","[0.002, 0.0006666666666666673, 0.0125]","[0.003, 0.0010000000000000009, 0.013750000000000002]",expected_initial_state_mismatch
dyn_fk_lem1_y40_a10_hold1.npz,zero,3,0.15000000000000002,19.296581710721572,"[-0.843619817647868, 3.610396095418782, 94.20704559562338]","[-0.8842467009133929, 22.652811893656246, 91.08569721039838]",0,1.505347509162591e-08,"[0.002, 0.0006666666666666673, 0.0125]","[0.003, 0.0010000000000000009, 0.013750000000000002]","[0.004, 0.0013333333333333346, 0.015000000000000001]",expected_initial_state_mismatch
dyn_fk_lem1_y40_a10_hold1.npz,zero,4,0.2,15.346317385763907,"[-0.8522529116747598, 3.9460967934256472, 94.18914588628043]","[-0.9536944817440651, 19.135411721273897, 92.00193786345595]",0,1.9051663806819653e-06,"[0.003, 0.0010000000000000009, 0.013750000000000002]","[0.004, 0.0013333333333333346, 0.015000000000000001]","[0.004999999999999999, 0.001666666666666668, 0.01625]",expected_initial_state_mismatch
dyn_fk_lem1_y40_a10_hold1.npz,zero,5,0.25,12.093582648024578,"[-0.8632787455024874, 4.3618746833449125, 94.16521174950189]","[-1.0080435720532293, 16.354500923530416, 92.61256875357238]",0,1.1447748335440278e-06,"[0.004, 0.0013333333333333346, 0.015000000000000001]","[0.004999999999999999, 0.001666666666666668, 0.01625]","[0.006, 0.0020000000000000018, 0.0175]",expected_initial_state_mismatch
dyn_fk_lem1_y40_a10_hold1.npz,zero,6,0.30000000000000004,9.454367058259859,"[-0.8772218513760842, 4.845902200282269, 94.13467264198813]","[-1.047175326346236, 14.231844541312325, 93.0120602157635]",0,1.814516606570622e-07,"[0.004999999999999999, 0.001666666666666668, 0.01625]","[0.006, 0.0020000000000000018, 0.0175]","[0.007, 0.0023333333333333353, 0.018750000000000003]",ok
dyn_fk_lem1_y40_a10_hold1.npz,zero,7,0.35000000000000003,7.332864683682005,"[-0.8947020879445238, 5.386007523010448, 94.09708235739286]","[-1.0731221722412536, 12.669818842496284, 93.26933637894274]",0,3.868869004413473e-07,"[0.006, 0.0020000000000000018, 0.0175]","[0.007, 0.0023333333333333353, 0.018750000000000003]","[0.008, 0.002666666666666669, 0.020000000000000004]",ok
dyn_fk_lem1_y40_a10_hold1.npz,zero,8,0.4,5.64476421267405,"[-0.9163721908265122, 5.97105885147902, 94.052115870364]","[-1.0901211413122704, 11.578770188507237, 93.43022530164954]",0,1.337931665707089e-06,"[0.007, 0.0023333333333333353, 0.018750000000000003]","[0.008, 0.002666666666666669, 0.020000000000000004]","[0.009, 0.0030000000000000027, 0.021250000000000005]",ok
dyn_fk_lem1_y40_a10_hold1.npz,zero,9,0.45,4.319926534572962,"[-0.941270462556461, 6.590858006548972, 93.99966226230998]","[-1.1037438855350856, 10.881461669476868, 93.52417529234879]",0,1.8083116025163287e-06,"[0.008, 0.002666666666666669, 0.020000000000000004]","[0.009, 0.0030000000000000027, 0.021250000000000005]","[0.009999999999999998, 0.003333333333333336, 0.022500000000000003]",ok
dyn_fk_lem1_y40_a10_hold1.npz,zero,10,0.5,3.294341204583736,"[-0.9767546257978289, 7.23785765896872, 93.93945315819094]","[-1.1191581582245689, 10.508344794282413, 93.5702389873927]",0,1.8584170697823054e-07,"[0.009, 0.0030000000000000027, 0.021250000000000005]","[0.009999999999999998, 0.003333333333333336, 0.022500000000000003]","[0.011, 0.0036666666666666696, 0.02375]",ok
dyn_fk_lem1_y40_a10_hold1.npz,zero,11,0.55,2.5091517591403614,"[-1.0202169465031525, 7.905412243103536, 93.87160719006741]","[-1.1398141595055045, 10.394812663510022, 93.581048067135]",0,1.3427917468441077e-06,"[0.009999999999999998, 0.003333333333333336, 0.022500000000000003]","[0.011, 0.0036666666666666696, 0.02375]","[0.012, 0.0040000000000000036, 0.025000000000000005]",ok
dyn_fk_lem1_y40_a10_hold1.npz,zero,12,0.6000000000000001,1.9094446525447968,"[-1.0709721969582144, 8.590057923841378, 93.79562537175988]","[-1.1673135603185978, 10.483085253467387, 93.56509391593052]",0,5.334940321905384e-07,"[0.011, 0.0036666666666666696, 0.02375]","[0.012, 0.0040000000000000036, 0.025000000000000005]","[0.013, 0.0043333333333333375, 0.026250000000000002]",ok
dyn_fk_lem1_y40_a10_hold1.npz,zero,13,0.65,1.4550009244219748,"[-1.1204101068609875, 9.283748059235691, 93.71247202259416]","[-1.2021665538421866, 10.724705360163162, 93.52812010275161]",0,8.636449672196074e-09,"[0.012, 0.0040000000000000036, 0.025000000000000005]","[0.013, 0.0043333333333333375, 0.026250000000000002]","[0.014, 0.0046666666666666705, 0.027500000000000004]",ok
dyn_fk_lem1_y40_a10_hold1.npz,zero,14,0.7000000000000001,1.1101876918337081,"[-1.1735568046561313, 9.983156706806302, 93.62215836942195]","[-1.24440248433482, 11.081135184120729, 93.4740338808179]",0,4.9837249333851755e-06,"[0.013, 0.0043333333333333375, 0.026250000000000002]","[0.014, 0.0046666666666666705, 0.027500000000000004]","[0.015, 0.0050000000000000044, 0.028750000000000005]",ok
dyn_fk_lem1_y40_a10_hold1.npz,zero,15,0.75,0.847822227576331,"[-1.2322716346082287, 10.685361056450853, 93.52486903301082]","[-1.2938802214056633, 11.522489059719206, 93.40560622342939]",0,3.5303598191396602e-06,"[0.014, 0.0046666666666666705, 0.027500000000000004]","[0.015, 0.0050000000000000044, 0.028750000000000005]","[0.016, 0.005333333333333338, 0.030000000000000006]",ok
dyn_fk_lem1_y40_a10_hold1.npz,zero,16,0.8,0.6478219703912792,"[-1.2969560098972868, 11.387575037100753, 93.4209025572219]","[-1.350432016215914, 12.025998456706443, 93.32483404329133]",0,1.9845536294573844e-07,"[0.015, 0.0050000000000000044, 0.028750000000000005]","[0.016, 0.005333333333333338, 0.030000000000000006]","[0.016999999999999998, 0.005666666666666671, 0.03125000000000001]",ok
dyn_fk_lem1_y40_a10_hold1.npz,zero,17,0.8500000000000001,0.49506201349284673,"[-1.3676510352230562, 12.087350629550658, 93.31061061429489]","[-1.4138484513639564, 12.574151401865329, 93.23329823482474]",0,1.2106046440704855e-07,"[0.016, 0.005333333333333338, 0.030000000000000006]","[0.016999999999999998, 0.005666666666666671, 0.03125000000000001]","[0.018, 0.006000000000000005, 0.0325]",ok
dyn_fk_lem1_y40_a10_hold1.npz,zero,237,11.850000000000001,0.4281429062454871,"[9.005474624909096, 32.76537222208342, 86.32352302856728]","[8.58139163278721, 32.819873898909435, 86.34564838019007]",0,1.0517069662492082e-07,"[-0.27, 0.15000000000000002, 0.22000000000000003]","[-0.27999999999999997, 0.14, 0.22000000000000003]","[-0.27999999999999997, 0.15000000000000002, 0.22000000000000003]",ok
dyn_fk_lem1_y40_a10_hold1.npz,zero,235,11.75,0.4254702395984473,"[9.153257080950842, 33.33523461655729, 86.0249071656404]","[8.86023120046083, 33.627565661924514, 85.92640174415753]",0,3.921064673430658e-08,"[-0.26, 0.15000000000000002, 0.22000000000000003]","[-0.27, 0.14, 0.22000000000000003]","[-0.27, 0.15000000000000002, 0.22000000000000003]",ok
dyn_fk_lem1_y40_a10_hold1.npz,warm,0,0.0,34.38957984941847,"[-0.8271854888243086, 3.1247982290597, 94.23222600819753]","[-0.6508586331884046, 36.47902463805382, 85.85919240519144]",0,0.0018800380905404281,"[nan, nan, nan]","[0.0, 0.0, 0.01]","[0.001, 0.00033333333333333365, 0.011250000000000001]",expected_initial_state_mismatch
dyn_fk_lem1_y40_a10_hold1.npz,warm,1,0.05,29.15835558388896,"[-0.8319999033973217, 3.2041005912626903, 94.22778844433196]","[-0.706871248409155, 31.683165334301215, 87.9718381138043]",0,0.005066435805037689,"[0.0, 0.0, 0.01]","[0.001, 0.00033333333333333365, 0.011250000000000001]","[0.002, 0.0006666666666666673, 0.0125]",expected_initial_state_mismatch
dyn_fk_lem1_y40_a10_hold1.npz,warm,2,0.1,23.9563194583121,"[-0.8370310698811968, 3.3632129811898546, 94.2196226981798]","[-0.8009547987589922, 26.900674664116607, 89.75959601483811]",0,5.271326690235465e-08,"[0.001, 0.00033333333333333365, 0.011250000000000001]","[0.002, 0.0006666666666666673, 0.0125]","[0.003, 0.0010000000000000009, 0.013750000000000002]",expected_initial_state_mismatch
dyn_fk_lem1_y40_a10_hold1.npz,warm,3,0.15000000000000002,19.296581710721572,"[-0.843619817647868, 3.610396095418782, 94.20704559562338]","[-0.8842467009133929, 22.652811893656246, 91.08569721039838]",0,1.505347509162591e-08,"[0.002, 0.0006666666666666673, 0.0125]","[0.003, 0.0010000000000000009, 0.013750000000000002]","[0.004, 0.0013333333333333346, 0.015000000000000001]",expected_initial_state_mismatch
dyn_fk_lem1_y40_a10_hold1.npz,warm,4,0.2,15.346317385763907,"[-0.8522529116747598, 3.9460967934256472, 94.18914588628043]","[-0.9536944817440651, 19.135411721273897, 92.00193786345595]",0,1.9051663806819653e-06,"[0.003, 0.0010000000000000009, 0.013750000000000002]","[0.004, 0.0013333333333333346, 0.015000000000000001]","[0.004999999999999999, 0.001666666666666668, 0.01625]",expected_initial_state_mismatch
dyn_fk_lem1_y40_a10_hold1.npz,warm,5,0.25,12.093582648024578,"[-0.8632787455024874, 4.3618746833449125, 94.16521174950189]","[-1.0080435720532293, 16.354500923530416, 92.61256875357238]",0,1.1447748335440278e-06,"[0.004, 0.0013333333333333346, 0.015000000000000001]","[0.004999999999999999, 0.001666666666666668, 0.01625]","[0.006, 0.0020000000000000018, 0.0175]",expected_initial_state_mismatch
dyn_fk_lem1_y40_a10_hold1.npz,warm,6,0.30000000000000004,9.454367058259859,"[-0.8772218513760842, 4.845902200282269, 94.13467264198813]","[-1.047175326346236, 14.231844541312325, 93.0120602157635]",0,1.814516606570622e-07,"[0.004999999999999999, 0.001666666666666668, 0.01625]","[0.006, 0.0020000000000000018, 0.0175]","[0.007, 0.0023333333333333353, 0.018750000000000003]",ok
dyn_fk_lem1_y40_a10_hold1.npz,warm,7,0.35000000000000003,7.332864683682005,"[-0.8947020879445238, 5.386007523010448, 94.09708235739286]","[-1.0731221722412536, 12.669818842496284, 93.26933637894274]",0,3.868869004413473e-07,"[0.006, 0.0020000000000000018, 0.0175]","[0.007, 0.0023333333333333353, 0.018750000000000003]","[0.008, 0.002666666666666669, 0.020000000000000004]",ok
dyn_fk_lem1_y40_a10_hold1.npz,warm,8,0.4,5.64476421267405,"[-0.9163721908265122, 5.97105885147902, 94.052115870364]","[-1.0901211413122704, 11.578770188507237, 93.43022530164954]",0,1.337931665707089e-06,"[0.007, 0.0023333333333333353, 0.018750000000000003]","[0.008, 0.002666666666666669, 0.020000000000000004]","[0.009, 0.0030000000000000027, 0.021250000000000005]",ok
dyn_fk_lem1_y40_a10_hold1.npz,warm,9,0.45,4.319926534572962,"[-0.941270462556461, 6.590858006548972, 93.99966226230998]","[-1.1037438855350856, 10.881461669476868, 93.52417529234879]",0,1.8083116025163287e-06,"[0.008, 0.002666666666666669, 0.020000000000000004]","[0.009, 0.0030000000000000027, 0.021250000000000005]","[0.009999999999999998, 0.003333333333333336, 0.022500000000000003]",ok
dyn_fk_lem1_y40_a10_hold1.npz,warm,10,0.5,3.294341204583736,"[-0.9767546257978289, 7.23785765896872, 93.93945315819094]","[-1.1191581582245689, 10.508344794282413, 93.5702389873927]",0,1.8584170697823054e-07,"[0.009, 0.0030000000000000027, 0.021250000000000005]","[0.009999999999999998, 0.003333333333333336, 0.022500000000000003]","[0.011, 0.0036666666666666696, 0.02375]",ok
dyn_fk_lem1_y40_a10_hold1.npz,warm,11,0.55,2.5091517591403614,"[-1.0202169465031525, 7.905412243103536, 93.87160719006741]","[-1.1398141595055045, 10.394812663510022, 93.581048067135]",0,1.3427917468441077e-06,"[0.009999999999999998, 0.003333333333333336, 0.022500000000000003]","[0.011, 0.0036666666666666696, 0.02375]","[0.012, 0.0040000000000000036, 0.025000000000000005]",ok
dyn_fk_lem1_y40_a10_hold1.npz,warm,12,0.6000000000000001,1.9094446525447968,"[-1.0709721969582144, 8.590057923841378, 93.79562537175988]","[-1.1673135603185978, 10.483085253467387, 93.56509391593052]",0,5.334940321905384e-07,"[0.011, 0.0036666666666666696, 0.02375]","[0.012, 0.0040000000000000036, 0.025000000000000005]","[0.013, 0.0043333333333333375, 0.026250000000000002]",ok
dyn_fk_lem1_y40_a10_hold1.npz,warm,13,0.65,1.4550009244219748,"[-1.1204101068609875, 9.283748059235691, 93.71247202259416]","[-1.2021665538421866, 10.724705360163162, 93.52812010275161]",0,8.636449672196074e-09,"[0.012, 0.0040000000000000036, 0.025000000000000005]","[0.013, 0.0043333333333333375, 0.026250000000000002]","[0.014, 0.0046666666666666705, 0.027500000000000004]",ok
dyn_fk_lem1_y40_a10_hold1.npz,warm,14,0.7000000000000001,1.1101876918337081,"[-1.1735568046561313, 9.983156706806302, 93.62215836942195]","[-1.24440248433482, 11.081135184120729, 93.4740338808179]",0,4.9837249333851755e-06,"[0.013, 0.0043333333333333375, 0.026250000000000002]","[0.014, 0.0046666666666666705, 0.027500000000000004]","[0.015, 0.0050000000000000044, 0.028750000000000005]",ok
dyn_fk_lem1_y40_a10_hold1.npz,warm,15,0.75,0.847822227576331,"[-1.2322716346082287, 10.685361056450853, 93.52486903301082]","[-1.2938802214056633, 11.522489059719206, 93.40560622342939]",0,3.5303598191396602e-06,"[0.014, 0.0046666666666666705, 0.027500000000000004]","[0.015, 0.0050000000000000044, 0.028750000000000005]","[0.016, 0.005333333333333338, 0.030000000000000006]",ok
dyn_fk_lem1_y40_a10_hold1.npz,warm,16,0.8,0.6478219703912792,"[-1.2969560098972868, 11.387575037100753, 93.4209025572219]","[-1.350432016215914, 12.025998456706443, 93.32483404329133]",0,1.9845536294573844e-07,"[0.015, 0.0050000000000000044, 0.028750000000000005]","[0.016, 0.005333333333333338, 0.030000000000000006]","[0.016999999999999998, 0.005666666666666671, 0.03125000000000001]",ok
dyn_fk_lem1_y40_a10_hold1.npz,warm,17,0.8500000000000001,0.49506201349284673,"[-1.3676510352230562, 12.087350629550658, 93.31061061429489]","[-1.4138484513639564, 12.574151401865329, 93.23329823482474]",0,1.2106046440704855e-07,"[0.016, 0.005333333333333338, 0.030000000000000006]","[0.016999999999999998, 0.005666666666666671, 0.03125000000000001]","[0.018, 0.006000000000000005, 0.0325]",ok
dyn_fk_lem1_y40_a10_hold1.npz,warm,237,11.850000000000001,0.4281429062454871,"[9.005474624909096, 32.76537222208342, 86.32352302856728]","[8.58139163278721, 32.819873898909435, 86.34564838019007]",0,1.0517069662492082e-07,"[-0.27, 0.15000000000000002, 0.22000000000000003]","[-0.27999999999999997, 0.14, 0.22000000000000003]","[-0.27999999999999997, 0.15000000000000002, 0.22000000000000003]",ok
dyn_fk_lem1_y40_a10_hold1.npz,warm,235,11.75,0.4254702395984473,"[9.153257080950842, 33.33523461655729, 86.0249071656404]","[8.86023120046083, 33.627565661924514, 85.92640174415753]",0,3.921064673430658e-08,"[-0.26, 0.15000000000000002, 0.22000000000000003]","[-0.27, 0.14, 0.22000000000000003]","[-0.27, 0.15000000000000002, 0.22000000000000003]",ok
dyn_fk_lem1_y40_a10_hold1.npz,workspace,0,0.0,34.38957984941847,"[-0.8271854888243086, 3.1247982290597, 94.23222600819753]","[-0.6508586331884046, 36.47902463805382, 85.85919240519144]",0,0.0018800380905404281,"[nan, nan, nan]","[0.0, 0.0, 0.01]","[0.001, 0.00033333333333333365, 0.011250000000000001]",expected_initial_state_mismatch
dyn_fk_lem1_y40_a10_hold1.npz,workspace,1,0.05,29.15835558388896,"[-0.8319999033973217, 3.2041005912626903, 94.22778844433196]","[-0.706871248409155, 31.683165334301215, 87.9718381138043]",0,0.005066435805037689,"[0.0, 0.0, 0.01]","[0.001, 0.00033333333333333365, 0.011250000000000001]","[0.002, 0.0006666666666666673, 0.0125]",expected_initial_state_mismatch
dyn_fk_lem1_y40_a10_hold1.npz,workspace,2,0.1,23.9563194583121,"[-0.8370310698811968, 3.3632129811898546, 94.2196226981798]","[-0.8009547987589922, 26.900674664116607, 89.75959601483811]",0,5.271326690235465e-08,"[0.001, 0.00033333333333333365, 0.011250000000000001]","[0.002, 0.0006666666666666673, 0.0125]","[0.003, 0.0010000000000000009, 0.013750000000000002]",expected_initial_state_mismatch
dyn_fk_lem1_y40_a10_hold1.npz,workspace,3,0.15000000000000002,19.296581710721572,"[-0.843619817647868, 3.610396095418782, 94.20704559562338]","[-0.8842467009133929, 22.652811893656246, 91.08569721039838]",0,1.505347509162591e-08,"[0.002, 0.0006666666666666673, 0.0125]","[0.003, 0.0010000000000000009, 0.013750000000000002]","[0.004, 0.0013333333333333346, 0.015000000000000001]",expected_initial_state_mismatch
dyn_fk_lem1_y40_a10_hold1.npz,workspace,4,0.2,15.346317385763907,"[-0.8522529116747598, 3.9460967934256472, 94.18914588628043]","[-0.9536944817440651, 19.135411721273897, 92.00193786345595]",0,1.9051663806819653e-06,"[0.003, 0.0010000000000000009, 0.013750000000000002]","[0.004, 0.0013333333333333346, 0.015000000000000001]","[0.004999999999999999, 0.001666666666666668, 0.01625]",expected_initial_state_mismatch
dyn_fk_lem1_y40_a10_hold1.npz,workspace,5,0.25,12.093582648024578,"[-0.8632787455024874, 4.3618746833449125, 94.16521174950189]","[-1.0080435720532293, 16.354500923530416, 92.61256875357238]",0,1.1447748335440278e-06,"[0.004, 0.0013333333333333346, 0.015000000000000001]","[0.004999999999999999, 0.001666666666666668, 0.01625]","[0.006, 0.0020000000000000018, 0.0175]",expected_initial_state_mismatch
dyn_fk_lem1_y40_a10_hold1.npz,workspace,6,0.30000000000000004,9.454367058259859,"[-0.8772218513760842, 4.845902200282269, 94.13467264198813]","[-1.047175326346236, 14.231844541312325, 93.0120602157635]",0,1.814516606570622e-07,"[0.004999999999999999, 0.001666666666666668, 0.01625]","[0.006, 0.0020000000000000018, 0.0175]","[0.007, 0.0023333333333333353, 0.018750000000000003]",ok
dyn_fk_lem1_y40_a10_hold1.npz,workspace,7,0.35000000000000003,7.332864683682005,"[-0.8947020879445238, 5.386007523010448, 94.09708235739286]","[-1.0731221722412536, 12.669818842496284, 93.26933637894274]",0,3.868869004413473e-07,"[0.006, 0.0020000000000000018, 0.0175]","[0.007, 0.0023333333333333353, 0.018750000000000003]","[0.008, 0.002666666666666669, 0.020000000000000004]",ok
dyn_fk_lem1_y40_a10_hold1.npz,workspace,8,0.4,5.64476421267405,"[-0.9163721908265122, 5.97105885147902, 94.052115870364]","[-1.0901211413122704, 11.578770188507237, 93.43022530164954]",0,1.337931665707089e-06,"[0.007, 0.0023333333333333353, 0.018750000000000003]","[0.008, 0.002666666666666669, 0.020000000000000004]","[0.009, 0.0030000000000000027, 0.021250000000000005]",ok
dyn_fk_lem1_y40_a10_hold1.npz,workspace,9,0.45,4.319926534572962,"[-0.941270462556461, 6.590858006548972, 93.99966226230998]","[-1.1037438855350856, 10.881461669476868, 93.52417529234879]",0,1.8083116025163287e-06,"[0.008, 0.002666666666666669, 0.020000000000000004]","[0.009, 0.0030000000000000027, 0.021250000000000005]","[0.009999999999999998, 0.003333333333333336, 0.022500000000000003]",ok
dyn_fk_lem1_y40_a10_hold1.npz,workspace,10,0.5,3.294341204583736,"[-0.9767546257978289, 7.23785765896872, 93.93945315819094]","[-1.1191581582245689, 10.508344794282413, 93.5702389873927]",0,1.8584170697823054e-07,"[0.009, 0.0030000000000000027, 0.021250000000000005]","[0.009999999999999998, 0.003333333333333336, 0.022500000000000003]","[0.011, 0.0036666666666666696, 0.02375]",ok
dyn_fk_lem1_y40_a10_hold1.npz,workspace,11,0.55,2.5091517591403614,"[-1.0202169465031525, 7.905412243103536, 93.87160719006741]","[-1.1398141595055045, 10.394812663510022, 93.581048067135]",0,1.3427917468441077e-06,"[0.009999999999999998, 0.003333333333333336, 0.022500000000000003]","[0.011, 0.0036666666666666696, 0.02375]","[0.012, 0.0040000000000000036, 0.025000000000000005]",ok
dyn_fk_lem1_y40_a10_hold1.npz,workspace,12,0.6000000000000001,1.9094446525447968,"[-1.0709721969582144, 8.590057923841378, 93.79562537175988]","[-1.1673135603185978, 10.483085253467387, 93.56509391593052]",0,5.334940321905384e-07,"[0.011, 0.0036666666666666696, 0.02375]","[0.012, 0.0040000000000000036, 0.025000000000000005]","[0.013, 0.0043333333333333375, 0.026250000000000002]",ok
dyn_fk_lem1_y40_a10_hold1.npz,workspace,13,0.65,1.4550009244219748,"[-1.1204101068609875, 9.283748059235691, 93.71247202259416]","[-1.2021665538421866, 10.724705360163162, 93.52812010275161]",0,8.636449672196074e-09,"[0.012, 0.0040000000000000036, 0.025000000000000005]","[0.013, 0.0043333333333333375, 0.026250000000000002]","[0.014, 0.0046666666666666705, 0.027500000000000004]",ok
dyn_fk_lem1_y40_a10_hold1.npz,workspace,14,0.7000000000000001,1.1101876918337081,"[-1.1735568046561313, 9.983156706806302, 93.62215836942195]","[-1.24440248433482, 11.081135184120729, 93.4740338808179]",0,4.9837249333851755e-06,"[0.013, 0.0043333333333333375, 0.026250000000000002]","[0.014, 0.0046666666666666705, 0.027500000000000004]","[0.015, 0.0050000000000000044, 0.028750000000000005]",ok
dyn_fk_lem1_y40_a10_hold1.npz,workspace,15,0.75,0.847822227576331,"[-1.2322716346082287, 10.685361056450853, 93.52486903301082]","[-1.2938802214056633, 11.522489059719206, 93.40560622342939]",0,3.5303598191396602e-06,"[0.014, 0.0046666666666666705, 0.027500000000000004]","[0.015, 0.0050000000000000044, 0.028750000000000005]","[0.016, 0.005333333333333338, 0.030000000000000006]",ok
dyn_fk_lem1_y40_a10_hold1.npz,workspace,16,0.8,0.6478219703912792,"[-1.2969560098972868, 11.387575037100753, 93.4209025572219]","[-1.350432016215914, 12.025998456706443, 93.32483404329133]",0,1.9845536294573844e-07,"[0.015, 0.0050000000000000044, 0.028750000000000005]","[0.016, 0.005333333333333338, 0.030000000000000006]","[0.016999999999999998, 0.005666666666666671, 0.03125000000000001]",ok
dyn_fk_lem1_y40_a10_hold1.npz,workspace,17,0.8500000000000001,0.49506201349284673,"[-1.3676510352230562, 12.087350629550658, 93.31061061429489]","[-1.4138484513639564, 12.574151401865329, 93.23329823482474]",0,1.2106046440704855e-07,"[0.016, 0.005333333333333338, 0.030000000000000006]","[0.016999999999999998, 0.005666666666666671, 0.03125000000000001]","[0.018, 0.006000000000000005, 0.0325]",ok
dyn_fk_lem1_y40_a10_hold1.npz,workspace,237,11.850000000000001,0.4281429062454871,"[9.005474624909096, 32.76537222208342, 86.32352302856728]","[8.58139163278721, 32.819873898909435, 86.34564838019007]",0,1.0517069662492082e-07,"[-0.27, 0.15000000000000002, 0.22000000000000003]","[-0.27999999999999997, 0.14, 0.22000000000000003]","[-0.27999999999999997, 0.15000000000000002, 0.22000000000000003]",ok
dyn_fk_lem1_y40_a10_hold1.npz,workspace,235,11.75,0.4254702395984473,"[9.153257080950842, 33.33523461655729, 86.0249071656404]","[8.86023120046083, 33.627565661924514, 85.92640174415753]",0,3.921064673430658e-08,"[-0.26, 0.15000000000000002, 0.22000000000000003]","[-0.27, 0.14, 0.22000000000000003]","[-0.27, 0.15000000000000002, 0.22000000000000003]",ok
dyn_fk_lem1_y40_a10_hold1.npz,equilibrium_seed,2,0.1,3.3535003280499054,"[-0.8370310698811968, 3.3632129811898546, 94.2196226981798]","[-1.5988923352719453, 6.622235229613724, 94.00913315733216]",0,1.8669674325028157e-08,"[0.001, 0.00033333333333333365, 0.011250000000000001]","[0.002, 0.0006666666666666673, 0.0125]","[0.003, 0.0010000000000000009, 0.013750000000000002]",ok
dyn_fk_lem1_y40_a10_hold1.npz,equilibrium_seed,3,0.15000000000000002,3.119242144212443,"[-0.843619817647868, 3.610396095418782, 94.20704559562338]","[-1.5660665053856095, 6.638041747292841, 94.00430402540181]",0,6.254142623823033e-09,"[0.002, 0.0006666666666666673, 0.0125]","[0.003, 0.0010000000000000009, 0.013750000000000002]","[0.004, 0.0013333333333333346, 0.015000000000000001]",ok
dyn_fk_lem1_y40_a10_hold1.npz,equilibrium_seed,1,0.05,3.109422035803718,"[-0.8319999033973217, 3.2041005912626903, 94.22778844433196]","[-1.518392711605444, 6.231451826164375, 94.04746980935168]",0,1.3677821466832227e-07,"[0.0, 0.0, 0.01]","[0.001, 0.00033333333333333365, 0.011250000000000001]","[0.002, 0.0006666666666666673, 0.0125]",ok
dyn_fk_lem1_y40_a10_hold1.npz,equilibrium_seed,4,0.2,2.7084413103603646,"[-0.8522529116747598, 3.9460967934256472, 94.18914588628043]","[-1.48772827031287, 6.572670118583112, 94.00765768335364]",0,1.1322303909572615e-08,"[0.003, 0.0010000000000000009, 0.013750000000000002]","[0.004, 0.0013333333333333346, 0.015000000000000001]","[0.004999999999999999, 0.001666666666666668, 0.01625]",ok
dyn_fk_lem1_y40_a10_hold1.npz,equilibrium_seed,5,0.25,2.259789010730299,"[-0.8632787455024874, 4.3618746833449125, 94.16521174950189]","[-1.3984597223209785, 6.551728909048806, 94.00783905417062]",0,8.65863925436441e-08,"[0.004, 0.0013333333333333346, 0.015000000000000001]","[0.004999999999999999, 0.001666666666666668, 0.01625]","[0.006, 0.0020000000000000018, 0.0175]",ok
dyn_fk_lem1_y40_a10_hold1.npz,equilibrium_seed,6,0.30000000000000004,1.838949818822487,"[-0.8772218513760842, 4.845902200282269, 94.13467264198813]","[-1.3157650155232306, 6.626716547970563, 94.00007476535339]",0,2.8459511908278463e-09,"[0.004999999999999999, 0.001666666666666668, 0.01625]","[0.006, 0.0020000000000000018, 0.0175]","[0.007, 0.0023333333333333353, 0.018750000000000003]",ok
dyn_fk_lem1_y40_a10_hold1.npz,equilibrium_seed,7,0.35000000000000003,1.4723484795494317,"[-0.8947020879445238, 5.386007523010448, 94.09708235739286]","[-1.24766281134444, 6.810836895093788, 93.9826706734741]",0,1.2509042941958527e-06,"[0.006, 0.0020000000000000018, 0.0175]","[0.007, 0.0023333333333333353, 0.018750000000000003]","[0.008, 0.002666666666666669, 0.020000000000000004]",ok
dyn_fk_lem1_y40_a10_hold1.npz,equilibrium_seed,0,0.0,1.471045161581128,"[-0.8271854888243086, 3.1247982290597, 94.23222600819753]","[-1.1466320582554779, 4.5594038177016145, 94.17030217007932]",0,5.899380719777282e-07,"[nan, nan, nan]","[0.0, 0.0, 0.01]","[0.001, 0.00033333333333333365, 0.011250000000000001]",ok
dyn_fk_lem1_y40_a10_hold1.npz,equilibrium_seed,8,0.4,1.166179825563934,"[-0.9163721908265122, 5.97105885147902, 94.052115870364]","[-1.197056253746759, 7.0987999909226325, 93.95520475241909]",0,2.751403304661639e-06,"[0.007, 0.0023333333333333353, 0.018750000000000003]","[0.008, 0.002666666666666669, 0.020000000000000004]","[0.009, 0.0030000000000000027, 0.021250000000000005]",ok
dyn_fk_lem1_y40_a10_hold1.npz,equilibrium_seed,9,0.45,0.9180613869371802,"[-0.941270462556461, 6.590858006548972, 93.99966226230998]","[-1.1641990738547188, 7.47766247990504, 93.91770269614888]",0,8.862652720592444e-07,"[0.008, 0.002666666666666669, 0.020000000000000004]","[0.009, 0.0030000000000000027, 0.021250000000000005]","[0.009999999999999998, 0.003333333333333336, 0.022500000000000003]",ok
dyn_fk_lem1_y40_a10_hold1.npz,equilibrium_seed,10,0.5,0.717757348953629,"[-0.9767546257978289, 7.23785765896872, 93.93945315819094]","[-1.1471348823677159, 7.931687275901688, 93.87055727431701]",0,0.0008850040327227538,"[0.009, 0.0030000000000000027, 0.021250000000000005]","[0.009999999999999998, 0.003333333333333336, 0.022500000000000003]","[0.011, 0.0036666666666666696, 0.02375]",ok
dyn_fk_lem1_y40_a10_hold1.npz,equilibrium_seed,11,0.55,0.5603637090142393,"[-1.0202169465031525, 7.905412243103536, 93.87160719006741]","[-1.149432162709051, 8.447584870293417, 93.81364378258407]",0,0.000930807392536684,"[0.009999999999999998, 0.003333333333333336, 0.022500000000000003]","[0.011, 0.0036666666666666696, 0.02375]","[0.012, 0.0040000000000000036, 0.025000000000000005]",ok
dyn_fk_lem1_y40_a10_hold1.npz,equilibrium_seed,12,0.6000000000000001,0.4350910639672395,"[-1.0709721969582144, 8.590057923841378, 93.79562537175988]","[-1.1675871236470956, 9.01154157819304, 93.74744530327284]",0,0.0008968240179255206,"[0.011, 0.0036666666666666696, 0.02375]","[0.012, 0.0040000000000000036, 0.025000000000000005]","[0.013, 0.0043333333333333375, 0.026250000000000002]",ok
dyn_fk_lem1_y40_a10_hold1.npz,equilibrium_seed,235,11.75,0.40965133694478106,"[9.153257080950842, 33.33523461655729, 86.0249071656404]","[8.870860355148091, 33.61646302857707, 85.9301607282965]",0,6.329978002461584e-05,"[-0.26, 0.15000000000000002, 0.22000000000000003]","[-0.27, 0.14, 0.22000000000000003]","[-0.27, 0.15000000000000002, 0.22000000000000003]",ok
dyn_fk_lem1_y40_a10_hold1.npz,equilibrium_seed,237,11.850000000000001,0.4048100488353486,"[9.005474624909096, 32.76537222208342, 86.32352302856728]","[8.604862802193276, 32.81891472378136, 86.34620658318977]",0,0.0021555667788531003,"[-0.27, 0.15000000000000002, 0.22000000000000003]","[-0.27999999999999997, 0.14, 0.22000000000000003]","[-0.27999999999999997, 0.15000000000000002, 0.22000000000000003]",ok
dyn_fk_lem1_y40_a10_hold1.npz,equilibrium_seed,238,11.9,0.3971822818066409,"[8.999884531866009, 32.48251448296434, 86.4498263495793]","[8.610999089115158, 32.43330914701579, 86.51386315393269]",0,2.1751798392364035e-08,"[-0.27999999999999997, 0.14, 0.22000000000000003]","[-0.27999999999999997, 0.15000000000000002, 0.22000000000000003]","[-0.29, 0.14, 0.22000000000000003]",ok
dyn_fk_lem1_y40_a10_hold1.npz,equilibrium_seed,236,11.8,0.3958443600651864,"[9.166820474630983, 33.00949515838939, 86.17121172798632]","[8.814255679972355, 33.18529220120665, 86.13266016901079]",0,1.89017228630818e-08,"[-0.27, 0.14, 0.22000000000000003]","[-0.27, 0.15000000000000002, 0.22000000000000003]","[-0.27999999999999997, 0.14, 0.22000000000000003]",ok
dyn_fk_lem1_y40_a10_hold1.npz,equilibrium_seed,239,11.950000000000001,0.3716605301752049,"[8.826938599106358, 32.2533537668587, 86.5934414797462]","[8.487497267431586, 32.1310120943355, 86.68256862042287]",0,5.797619743319107e-07,"[-0.27999999999999997, 0.15000000000000002, 0.22000000000000003]","[-0.29, 0.14, 0.22000000000000003]","[-0.29, 0.14, 0.22000000000000003]",ok
dyn_fk_lem1_y40_a10_hold1.npz,equilibrium_seed,13,0.65,0.3416133251406351,"[-1.1204101068609875, 9.283748059235691, 93.71247202259416]","[-1.2000008688847859, 9.61346237824823, 93.67180948022147]",0,8.029638636728573e-08,"[0.012, 0.0040000000000000036, 0.025000000000000005]","[0.013, 0.0043333333333333375, 0.026250000000000002]","[0.014, 0.0046666666666666705, 0.027500000000000004]",ok
dyn_fk_lem1_y40_a10_hold1.npz,equilibrium_seed,234,11.700000000000001,0.33661371639043397,"[9.312127580776313, 33.63348103119743, 85.84433221719229]","[9.19700395493021, 33.924033145694224, 85.71929296897132]",0,4.532279345588846e-09,"[-0.26, 0.14, 0.22000000000000003]","[-0.26, 0.15000000000000002, 0.22000000000000003]","[-0.27, 0.14, 0.22000000000000003]",ok
dyn_fk_lem1_y40_a10_hold2.npz,zero,0,0.0,34.38957984941847,"[-0.8271854888243086, 3.1247982290597, 94.23222600819753]","[-0.6508586331884046, 36.47902463805382, 85.85919240519144]",0,0.0018800380905404281,"[nan, nan, nan]","[0.0, 0.0, 0.01]","[0.0, 0.0, 0.01]",expected_initial_state_mismatch
dyn_fk_lem1_y40_a10_hold2.npz,zero,1,0.05,29.072865188756236,"[-0.8267741315303088, 3.1229615436203204, 94.23230417241786]","[-0.6714269343884285, 31.528844183578858, 88.04253931607344]",0,0.0008177488115043217,"[0.0, 0.0, 0.01]","[0.0, 0.0, 0.01]","[0.001, 0.00033333333333333365, 0.011250000000000001]",expected_initial_state_mismatch
dyn_fk_lem1_y40_a10_hold2.npz,zero,2,0.1,23.784186637454518,"[-0.8315287473649571, 3.2020957780761967, 94.22787036384786]","[-0.7330493083827841, 26.58469140133894, 89.87677191353191]",0,1.3100962395842854e-06,"[0.0, 0.0, 0.01]","[0.001, 0.00033333333333333365, 0.011250000000000001]","[0.001, 0.00033333333333333365, 0.011250000000000001]",expected_initial_state_mismatch
dyn_fk_lem1_y40_a10_hold2.npz,zero,3,0.15000000000000002,19.00731573787499,"[-0.8306035146160795, 3.280192617274527, 94.22454687234614]","[-0.7703478624764369, 22.05613081042428, 91.26844034810247]",0,2.25839487457163e-09,"[0.001, 0.00033333333333333365, 0.011250000000000001]","[0.001, 0.00033333333333333365, 0.011250000000000001]","[0.002, 0.0006666666666666673, 0.0125]",expected_initial_state_mismatch
dyn_fk_lem1_y40_a10_hold2.npz,zero,4,0.2,15.010120527976992,"[-0.8363335283061359, 3.4476210951615296, 94.21610037789048]","[-0.8235393170073751, 18.322572845370157, 92.20628322164994]",0,7.867192504348831e-07,"[0.001, 0.00033333333333333365, 0.011250000000000001]","[0.002, 0.0006666666666666673, 0.0125]","[0.002, 0.0006666666666666673, 0.0125]",expected_initial_state_mismatch
dyn_fk_lem1_y40_a10_hold2.npz,zero,5,0.25,11.727472637132943,"[-0.8354247603808269, 3.613451313854007, 94.20860212947247]","[-0.8473371673360188, 15.261389315154144, 92.84514590827189]",0,1.072937124465276e-07,"[0.002, 0.0006666666666666673, 0.0125]","[0.002, 0.0006666666666666673, 0.0125]","[0.003, 0.0010000000000000009, 0.013750000000000002]",expected_initial_state_mismatch
dyn_fk_lem1_y40_a10_hold2.npz,zero,6,0.30000000000000004,9.110138875062896,"[-0.8418966759656912, 3.8615657243305956, 94.19540732194919]","[-0.8784383451878238, 12.922407708504972, 93.24966022723217]",0,0.0006821991976082276,"[0.002, 0.0006666666666666673, 0.0125]","[0.003, 0.0010000000000000009, 0.013750000000000002]","[0.003, 0.0010000000000000009, 0.013750000000000002]",ok
dyn_fk_lem1_y40_a10_hold2.npz,zero,7,0.35000000000000003,7.057196419389677,"[-0.8408165245350439, 4.09418844877361, 94.18362141816613]","[-0.893716914047789, 11.119737482927327, 93.51812639989953]",0,3.49819045315611e-08,"[0.003, 0.0010000000000000009, 0.013750000000000002]","[0.003, 0.0010000000000000009, 0.013750000000000002]","[0.004, 0.0013333333333333346, 0.015000000000000001]",ok
dyn_fk_lem1_y40_a10_hold2.npz,zero,8,0.4,5.429237643535008,"[-0.8483860368268851, 4.4001962697529695, 94.16550692801714]","[-0.9106506566540168, 9.80775915833902, 93.68487389431861]",0,0.0003947580833819191,"[0.003, 0.0010000000000000009, 0.013750000000000002]","[0.004, 0.0013333333333333346, 0.015000000000000001]","[0.004, 0.0013333333333333346, 0.015000000000000001]",ok
dyn_fk_lem1_y40_a10_hold2.npz,zero,9,0.45,4.181644319316985,"[-0.8476300986488263, 4.676885850452584, 94.14951751955513]","[-0.9136979317135127, 8.843095754186784, 93.79670128872495]",0,3.7324005524084076e-08,"[0.004, 0.0013333333333333346, 0.015000000000000001]","[0.004, 0.0013333333333333346, 0.015000000000000001]","[0.004999999999999999, 0.001666666666666668, 0.01625]",ok
dyn_fk_lem1_y40_a10_hold2.npz,zero,10,0.5,3.1891562472573796,"[-0.8572692094589807, 5.020168229092532, 94.12656287955917]","[-0.9218639547796589, 8.197694383525459, 93.86222857192503]",0,3.413654654257457e-09,"[0.004, 0.0013333333333333346, 0.015000000000000001]","[0.004999999999999999, 0.001666666666666668, 0.01625]","[0.004999999999999999, 0.001666666666666668, 0.01625]",ok
dyn_fk_lem1_y40_a10_hold2.npz,zero,11,0.55,2.439153921949346,"[-0.8575664789357322, 5.324141662047871, 94.10653762275668]","[-0.9164136881383476, 7.754354853747987, 93.90635594573135]",0,1.822398891226891e-08,"[0.004999999999999999, 0.001666666666666668, 0.01625]","[0.004999999999999999, 0.001666666666666668, 0.01625]","[0.006, 0.0020000000000000018, 0.0175]",ok
dyn_fk_lem1_y40_a10_hold2.npz,zero,12,0.6000000000000001,1.8504381795394294,"[-0.8703692840716492, 5.690890661416058, 94.07876497095144]","[-0.9225540205875414, 7.534165492680439, 93.92469970556293]",0,7.475599468912519e-08,"[0.004999999999999999, 0.001666666666666668, 0.01625]","[0.006, 0.0020000000000000018, 0.0175]","[0.006, 0.0020000000000000018, 0.0175]",ok
dyn_fk_lem1_y40_a10_hold2.npz,zero,13,0.65,1.4135273763128926,"[-0.8706312669528179, 6.00992004957389, 94.05505265134006]","[-0.9177321283399122, 7.41759955296572, 93.93555550420619]",0,1.4339980724542207e-08,"[0.006, 0.0020000000000000018, 0.0175]","[0.006, 0.0020000000000000018, 0.0175]","[0.007, 0.0023333333333333353, 0.018750000000000003]",ok
dyn_fk_lem1_y40_a10_hold2.npz,zero,14,0.7000000000000001,1.072154686732158,"[-0.8864375216778436, 6.39061463064475, 94.02270498421858]","[-0.9272865003680322, 7.457889067913096, 93.92904438003926]",0,2.8263002588809337e-07,"[0.006, 0.0020000000000000018, 0.0175]","[0.007, 0.0023333333333333353, 0.018750000000000003]","[0.007, 0.0023333333333333353, 0.018750000000000003]",ok
dyn_fk_lem1_y40_a10_hold2.npz,zero,15,0.75,0.8254529843563292,"[-0.8889405093120556, 6.71969136946487, 93.99524248992788]","[-0.9262615343977054, 7.540957988791349, 93.92107436706243]",0,9.706942841614168e-09,"[0.007, 0.0023333333333333353, 0.018750000000000003]","[0.007, 0.0023333333333333353, 0.018750000000000003]","[0.008, 0.002666666666666669, 0.020000000000000004]",ok
dyn_fk_lem1_y40_a10_hold2.npz,zero,16,0.8,0.6289659719548306,"[-0.9079408206900592, 7.108117935755223, 93.95862321402986]","[-0.9406756419204808, 7.733444678454345, 93.89952084333795]",0,0.00031670595572117106,"[0.007, 0.0023333333333333353, 0.018750000000000003]","[0.008, 0.002666666666666669, 0.020000000000000004]","[0.008, 0.002666666666666669, 0.020000000000000004]",ok
dyn_fk_lem1_y40_a10_hold2.npz,zero,17,0.8500000000000001,0.48649364750907603,"[-0.9142661595859292, 7.44348667069812, 93.92743345119148]","[-0.942342333912865, 7.926878282860419, 93.88031289524206]",0,1.574709947819773e-09,"[0.008, 0.002666666666666669, 0.020000000000000004]","[0.008, 0.002666666666666669, 0.020000000000000004]","[0.009, 0.0030000000000000027, 0.021250000000000005]",ok
dyn_fk_lem1_y40_a10_hold2.npz,zero,18,0.9,0.37154137410530236,"[-0.9378608112125026, 7.8365998102448415, 93.88649824388607]","[-0.9614376775292726, 8.205472821876993, 93.84881767414298]",0,9.260788610385977e-10,"[0.008, 0.002666666666666669, 0.020000000000000004]","[0.009, 0.0030000000000000027, 0.021250000000000005]","[0.009, 0.0030000000000000027, 0.021250000000000005]",ok
dyn_fk_lem1_y40_a10_hold2.npz,zero,19,0.9500000000000001,0.28910216438213737,"[-0.9468569403065215, 8.174668918878933, 93.85196761666002]","[-0.96707761412751, 8.461459444354661, 93.82159690218016]",0,9.581575122678314e-06,"[0.009, 0.0030000000000000027, 0.021250000000000005]","[0.009, 0.0030000000000000027, 0.021250000000000005]","[0.009999999999999998, 0.003333333333333336, 0.022500000000000003]",ok
dyn_fk_lem1_y40_a10_hold2.npz,warm,0,0.0,34.38957984941847,"[-0.8271854888243086, 3.1247982290597, 94.23222600819753]","[-0.6508586331884046, 36.47902463805382, 85.85919240519144]",0,0.0018800380905404281,"[nan, nan, nan]","[0.0, 0.0, 0.01]","[0.0, 0.0, 0.01]",expected_initial_state_mismatch
dyn_fk_lem1_y40_a10_hold2.npz,warm,1,0.05,29.072865188756236,"[-0.8267741315303088, 3.1229615436203204, 94.23230417241786]","[-0.6714269343884285, 31.528844183578858, 88.04253931607344]",0,0.0008177488115043217,"[0.0, 0.0, 0.01]","[0.0, 0.0, 0.01]","[0.001, 0.00033333333333333365, 0.011250000000000001]",expected_initial_state_mismatch
dyn_fk_lem1_y40_a10_hold2.npz,warm,2,0.1,23.784186637454518,"[-0.8315287473649571, 3.2020957780761967, 94.22787036384786]","[-0.7330493083827841, 26.58469140133894, 89.87677191353191]",0,1.3100962395842854e-06,"[0.0, 0.0, 0.01]","[0.001, 0.00033333333333333365, 0.011250000000000001]","[0.001, 0.00033333333333333365, 0.011250000000000001]",expected_initial_state_mismatch
dyn_fk_lem1_y40_a10_hold2.npz,warm,3,0.15000000000000002,19.00731573787499,"[-0.8306035146160795, 3.280192617274527, 94.22454687234614]","[-0.7703478624764369, 22.05613081042428, 91.26844034810247]",0,2.25839487457163e-09,"[0.001, 0.00033333333333333365, 0.011250000000000001]","[0.001, 0.00033333333333333365, 0.011250000000000001]","[0.002, 0.0006666666666666673, 0.0125]",expected_initial_state_mismatch
dyn_fk_lem1_y40_a10_hold2.npz,warm,4,0.2,15.010120527976992,"[-0.8363335283061359, 3.4476210951615296, 94.21610037789048]","[-0.8235393170073751, 18.322572845370157, 92.20628322164994]",0,7.867192504348831e-07,"[0.001, 0.00033333333333333365, 0.011250000000000001]","[0.002, 0.0006666666666666673, 0.0125]","[0.002, 0.0006666666666666673, 0.0125]",expected_initial_state_mismatch
dyn_fk_lem1_y40_a10_hold2.npz,warm,5,0.25,11.727472637132943,"[-0.8354247603808269, 3.613451313854007, 94.20860212947247]","[-0.8473371673360188, 15.261389315154144, 92.84514590827189]",0,1.072937124465276e-07,"[0.002, 0.0006666666666666673, 0.0125]","[0.002, 0.0006666666666666673, 0.0125]","[0.003, 0.0010000000000000009, 0.013750000000000002]",expected_initial_state_mismatch
dyn_fk_lem1_y40_a10_hold2.npz,warm,6,0.30000000000000004,9.110138875062896,"[-0.8418966759656912, 3.8615657243305956, 94.19540732194919]","[-0.8784383451878238, 12.922407708504972, 93.24966022723217]",0,0.0006821991976082276,"[0.002, 0.0006666666666666673, 0.0125]","[0.003, 0.0010000000000000009, 0.013750000000000002]","[0.003, 0.0010000000000000009, 0.013750000000000002]",ok
dyn_fk_lem1_y40_a10_hold2.npz,warm,7,0.35000000000000003,7.057196419389677,"[-0.8408165245350439, 4.09418844877361, 94.18362141816613]","[-0.893716914047789, 11.119737482927327, 93.51812639989953]",0,3.49819045315611e-08,"[0.003, 0.0010000000000000009, 0.013750000000000002]","[0.003, 0.0010000000000000009, 0.013750000000000002]","[0.004, 0.0013333333333333346, 0.015000000000000001]",ok
dyn_fk_lem1_y40_a10_hold2.npz,warm,8,0.4,5.429237643535008,"[-0.8483860368268851, 4.4001962697529695, 94.16550692801714]","[-0.9106506566540168, 9.80775915833902, 93.68487389431861]",0,0.0003947580833819191,"[0.003, 0.0010000000000000009, 0.013750000000000002]","[0.004, 0.0013333333333333346, 0.015000000000000001]","[0.004, 0.0013333333333333346, 0.015000000000000001]",ok
dyn_fk_lem1_y40_a10_hold2.npz,warm,9,0.45,4.181644319316985,"[-0.8476300986488263, 4.676885850452584, 94.14951751955513]","[-0.9136979317135127, 8.843095754186784, 93.79670128872495]",0,3.7324005524084076e-08,"[0.004, 0.0013333333333333346, 0.015000000000000001]","[0.004, 0.0013333333333333346, 0.015000000000000001]","[0.004999999999999999, 0.001666666666666668, 0.01625]",ok
dyn_fk_lem1_y40_a10_hold2.npz,warm,10,0.5,3.1891562472573796,"[-0.8572692094589807, 5.020168229092532, 94.12656287955917]","[-0.9218639547796589, 8.197694383525459, 93.86222857192503]",0,3.413654654257457e-09,"[0.004, 0.0013333333333333346, 0.015000000000000001]","[0.004999999999999999, 0.001666666666666668, 0.01625]","[0.004999999999999999, 0.001666666666666668, 0.01625]",ok
dyn_fk_lem1_y40_a10_hold2.npz,warm,11,0.55,2.439153921949346,"[-0.8575664789357322, 5.324141662047871, 94.10653762275668]","[-0.9164136881383476, 7.754354853747987, 93.90635594573135]",0,1.822398891226891e-08,"[0.004999999999999999, 0.001666666666666668, 0.01625]","[0.004999999999999999, 0.001666666666666668, 0.01625]","[0.006, 0.0020000000000000018, 0.0175]",ok
dyn_fk_lem1_y40_a10_hold2.npz,warm,12,0.6000000000000001,1.8504381795394294,"[-0.8703692840716492, 5.690890661416058, 94.07876497095144]","[-0.9225540205875414, 7.534165492680439, 93.92469970556293]",0,7.475599468912519e-08,"[0.004999999999999999, 0.001666666666666668, 0.01625]","[0.006, 0.0020000000000000018, 0.0175]","[0.006, 0.0020000000000000018, 0.0175]",ok
dyn_fk_lem1_y40_a10_hold2.npz,warm,13,0.65,1.4135273763128926,"[-0.8706312669528179, 6.00992004957389, 94.05505265134006]","[-0.9177321283399122, 7.41759955296572, 93.93555550420619]",0,1.4339980724542207e-08,"[0.006, 0.0020000000000000018, 0.0175]","[0.006, 0.0020000000000000018, 0.0175]","[0.007, 0.0023333333333333353, 0.018750000000000003]",ok
dyn_fk_lem1_y40_a10_hold2.npz,warm,14,0.7000000000000001,1.072154686732158,"[-0.8864375216778436, 6.39061463064475, 94.02270498421858]","[-0.9272865003680322, 7.457889067913096, 93.92904438003926]",0,2.8263002588809337e-07,"[0.006, 0.0020000000000000018, 0.0175]","[0.007, 0.0023333333333333353, 0.018750000000000003]","[0.007, 0.0023333333333333353, 0.018750000000000003]",ok
dyn_fk_lem1_y40_a10_hold2.npz,warm,15,0.75,0.8254529843563292,"[-0.8889405093120556, 6.71969136946487, 93.99524248992788]","[-0.9262615343977054, 7.540957988791349, 93.92107436706243]",0,9.706942841614168e-09,"[0.007, 0.0023333333333333353, 0.018750000000000003]","[0.007, 0.0023333333333333353, 0.018750000000000003]","[0.008, 0.002666666666666669, 0.020000000000000004]",ok
dyn_fk_lem1_y40_a10_hold2.npz,warm,16,0.8,0.6289659719548306,"[-0.9079408206900592, 7.108117935755223, 93.95862321402986]","[-0.9406756419204808, 7.733444678454345, 93.89952084333795]",0,0.00031670595572117106,"[0.007, 0.0023333333333333353, 0.018750000000000003]","[0.008, 0.002666666666666669, 0.020000000000000004]","[0.008, 0.002666666666666669, 0.020000000000000004]",ok
dyn_fk_lem1_y40_a10_hold2.npz,warm,17,0.8500000000000001,0.48649364750907603,"[-0.9142661595859292, 7.44348667069812, 93.92743345119148]","[-0.942342333912865, 7.926878282860419, 93.88031289524206]",0,1.574709947819773e-09,"[0.008, 0.002666666666666669, 0.020000000000000004]","[0.008, 0.002666666666666669, 0.020000000000000004]","[0.009, 0.0030000000000000027, 0.021250000000000005]",ok
dyn_fk_lem1_y40_a10_hold2.npz,warm,18,0.9,0.37154137410530236,"[-0.9378608112125026, 7.8365998102448415, 93.88649824388607]","[-0.9614376775292726, 8.205472821876993, 93.84881767414298]",0,9.260788610385977e-10,"[0.008, 0.002666666666666669, 0.020000000000000004]","[0.009, 0.0030000000000000027, 0.021250000000000005]","[0.009, 0.0030000000000000027, 0.021250000000000005]",ok
dyn_fk_lem1_y40_a10_hold2.npz,warm,19,0.9500000000000001,0.28910216438213737,"[-0.9468569403065215, 8.174668918878933, 93.85196761666002]","[-0.96707761412751, 8.461459444354661, 93.82159690218016]",0,9.581575122678314e-06,"[0.009, 0.0030000000000000027, 0.021250000000000005]","[0.009, 0.0030000000000000027, 0.021250000000000005]","[0.009999999999999998, 0.003333333333333336, 0.022500000000000003]",ok
dyn_fk_lem1_y40_a10_hold2.npz,workspace,0,0.0,34.38957984941847,"[-0.8271854888243086, 3.1247982290597, 94.23222600819753]","[-0.6508586331884046, 36.47902463805382, 85.85919240519144]",0,0.0018800380905404281,"[nan, nan, nan]","[0.0, 0.0, 0.01]","[0.0, 0.0, 0.01]",expected_initial_state_mismatch
dyn_fk_lem1_y40_a10_hold2.npz,workspace,1,0.05,29.072865188756236,"[-0.8267741315303088, 3.1229615436203204, 94.23230417241786]","[-0.6714269343884285, 31.528844183578858, 88.04253931607344]",0,0.0008177488115043217,"[0.0, 0.0, 0.01]","[0.0, 0.0, 0.01]","[0.001, 0.00033333333333333365, 0.011250000000000001]",expected_initial_state_mismatch
dyn_fk_lem1_y40_a10_hold2.npz,workspace,2,0.1,23.784186637454518,"[-0.8315287473649571, 3.2020957780761967, 94.22787036384786]","[-0.7330493083827841, 26.58469140133894, 89.87677191353191]",0,1.3100962395842854e-06,"[0.0, 0.0, 0.01]","[0.001, 0.00033333333333333365, 0.011250000000000001]","[0.001, 0.00033333333333333365, 0.011250000000000001]",expected_initial_state_mismatch
dyn_fk_lem1_y40_a10_hold2.npz,workspace,3,0.15000000000000002,19.00731573787499,"[-0.8306035146160795, 3.280192617274527, 94.22454687234614]","[-0.7703478624764369, 22.05613081042428, 91.26844034810247]",0,2.25839487457163e-09,"[0.001, 0.00033333333333333365, 0.011250000000000001]","[0.001, 0.00033333333333333365, 0.011250000000000001]","[0.002, 0.0006666666666666673, 0.0125]",expected_initial_state_mismatch
dyn_fk_lem1_y40_a10_hold2.npz,workspace,4,0.2,15.010120527976992,"[-0.8363335283061359, 3.4476210951615296, 94.21610037789048]","[-0.8235393170073751, 18.322572845370157, 92.20628322164994]",0,7.867192504348831e-07,"[0.001, 0.00033333333333333365, 0.011250000000000001]","[0.002, 0.0006666666666666673, 0.0125]","[0.002, 0.0006666666666666673, 0.0125]",expected_initial_state_mismatch
dyn_fk_lem1_y40_a10_hold2.npz,workspace,5,0.25,11.727472637132943,"[-0.8354247603808269, 3.613451313854007, 94.20860212947247]","[-0.8473371673360188, 15.261389315154144, 92.84514590827189]",0,1.072937124465276e-07,"[0.002, 0.0006666666666666673, 0.0125]","[0.002, 0.0006666666666666673, 0.0125]","[0.003, 0.0010000000000000009, 0.013750000000000002]",expected_initial_state_mismatch
dyn_fk_lem1_y40_a10_hold2.npz,workspace,6,0.30000000000000004,9.110138875062896,"[-0.8418966759656912, 3.8615657243305956, 94.19540732194919]","[-0.8784383451878238, 12.922407708504972, 93.24966022723217]",0,0.0006821991976082276,"[0.002, 0.0006666666666666673, 0.0125]","[0.003, 0.0010000000000000009, 0.013750000000000002]","[0.003, 0.0010000000000000009, 0.013750000000000002]",ok
dyn_fk_lem1_y40_a10_hold2.npz,workspace,7,0.35000000000000003,7.057196419389677,"[-0.8408165245350439, 4.09418844877361, 94.18362141816613]","[-0.893716914047789, 11.119737482927327, 93.51812639989953]",0,3.49819045315611e-08,"[0.003, 0.0010000000000000009, 0.013750000000000002]","[0.003, 0.0010000000000000009, 0.013750000000000002]","[0.004, 0.0013333333333333346, 0.015000000000000001]",ok
dyn_fk_lem1_y40_a10_hold2.npz,workspace,8,0.4,5.429237643535008,"[-0.8483860368268851, 4.4001962697529695, 94.16550692801714]","[-0.9106506566540168, 9.80775915833902, 93.68487389431861]",0,0.0003947580833819191,"[0.003, 0.0010000000000000009, 0.013750000000000002]","[0.004, 0.0013333333333333346, 0.015000000000000001]","[0.004, 0.0013333333333333346, 0.015000000000000001]",ok
dyn_fk_lem1_y40_a10_hold2.npz,workspace,9,0.45,4.181644319316985,"[-0.8476300986488263, 4.676885850452584, 94.14951751955513]","[-0.9136979317135127, 8.843095754186784, 93.79670128872495]",0,3.7324005524084076e-08,"[0.004, 0.0013333333333333346, 0.015000000000000001]","[0.004, 0.0013333333333333346, 0.015000000000000001]","[0.004999999999999999, 0.001666666666666668, 0.01625]",ok
dyn_fk_lem1_y40_a10_hold2.npz,workspace,10,0.5,3.1891562472573796,"[-0.8572692094589807, 5.020168229092532, 94.12656287955917]","[-0.9218639547796589, 8.197694383525459, 93.86222857192503]",0,3.413654654257457e-09,"[0.004, 0.0013333333333333346, 0.015000000000000001]","[0.004999999999999999, 0.001666666666666668, 0.01625]","[0.004999999999999999, 0.001666666666666668, 0.01625]",ok
dyn_fk_lem1_y40_a10_hold2.npz,workspace,11,0.55,2.439153921949346,"[-0.8575664789357322, 5.324141662047871, 94.10653762275668]","[-0.9164136881383476, 7.754354853747987, 93.90635594573135]",0,1.822398891226891e-08,"[0.004999999999999999, 0.001666666666666668, 0.01625]","[0.004999999999999999, 0.001666666666666668, 0.01625]","[0.006, 0.0020000000000000018, 0.0175]",ok
dyn_fk_lem1_y40_a10_hold2.npz,workspace,12,0.6000000000000001,1.8504381795394294,"[-0.8703692840716492, 5.690890661416058, 94.07876497095144]","[-0.9225540205875414, 7.534165492680439, 93.92469970556293]",0,7.475599468912519e-08,"[0.004999999999999999, 0.001666666666666668, 0.01625]","[0.006, 0.0020000000000000018, 0.0175]","[0.006, 0.0020000000000000018, 0.0175]",ok
dyn_fk_lem1_y40_a10_hold2.npz,workspace,13,0.65,1.4135273763128926,"[-0.8706312669528179, 6.00992004957389, 94.05505265134006]","[-0.9177321283399122, 7.41759955296572, 93.93555550420619]",0,1.4339980724542207e-08,"[0.006, 0.0020000000000000018, 0.0175]","[0.006, 0.0020000000000000018, 0.0175]","[0.007, 0.0023333333333333353, 0.018750000000000003]",ok
dyn_fk_lem1_y40_a10_hold2.npz,workspace,14,0.7000000000000001,1.072154686732158,"[-0.8864375216778436, 6.39061463064475, 94.02270498421858]","[-0.9272865003680322, 7.457889067913096, 93.92904438003926]",0,2.8263002588809337e-07,"[0.006, 0.0020000000000000018, 0.0175]","[0.007, 0.0023333333333333353, 0.018750000000000003]","[0.007, 0.0023333333333333353, 0.018750000000000003]",ok
dyn_fk_lem1_y40_a10_hold2.npz,workspace,15,0.75,0.8254529843563292,"[-0.8889405093120556, 6.71969136946487, 93.99524248992788]","[-0.9262615343977054, 7.540957988791349, 93.92107436706243]",0,9.706942841614168e-09,"[0.007, 0.0023333333333333353, 0.018750000000000003]","[0.007, 0.0023333333333333353, 0.018750000000000003]","[0.008, 0.002666666666666669, 0.020000000000000004]",ok
dyn_fk_lem1_y40_a10_hold2.npz,workspace,16,0.8,0.6289659719548306,"[-0.9079408206900592, 7.108117935755223, 93.95862321402986]","[-0.9406756419204808, 7.733444678454345, 93.89952084333795]",0,0.00031670595572117106,"[0.007, 0.0023333333333333353, 0.018750000000000003]","[0.008, 0.002666666666666669, 0.020000000000000004]","[0.008, 0.002666666666666669, 0.020000000000000004]",ok
dyn_fk_lem1_y40_a10_hold2.npz,workspace,17,0.8500000000000001,0.48649364750907603,"[-0.9142661595859292, 7.44348667069812, 93.92743345119148]","[-0.942342333912865, 7.926878282860419, 93.88031289524206]",0,1.574709947819773e-09,"[0.008, 0.002666666666666669, 0.020000000000000004]","[0.008, 0.002666666666666669, 0.020000000000000004]","[0.009, 0.0030000000000000027, 0.021250000000000005]",ok
dyn_fk_lem1_y40_a10_hold2.npz,workspace,18,0.9,0.37154137410530236,"[-0.9378608112125026, 7.8365998102448415, 93.88649824388607]","[-0.9614376775292726, 8.205472821876993, 93.84881767414298]",0,9.260788610385977e-10,"[0.008, 0.002666666666666669, 0.020000000000000004]","[0.009, 0.0030000000000000027, 0.021250000000000005]","[0.009, 0.0030000000000000027, 0.021250000000000005]",ok
dyn_fk_lem1_y40_a10_hold2.npz,workspace,19,0.9500000000000001,0.28910216438213737,"[-0.9468569403065215, 8.174668918878933, 93.85196761666002]","[-0.96707761412751, 8.461459444354661, 93.82159690218016]",0,9.581575122678314e-06,"[0.009, 0.0030000000000000027, 0.021250000000000005]","[0.009, 0.0030000000000000027, 0.021250000000000005]","[0.009999999999999998, 0.003333333333333336, 0.022500000000000003]",ok
dyn_fk_lem1_y40_a10_hold2.npz,equilibrium_seed,2,0.1,3.399041010488296,"[-0.8315287473649571, 3.2020957780761967, 94.22787036384786]","[-1.5883827700272648, 6.50933026615797, 94.02086355187377]",0,8.047137295022904e-07,"[0.0, 0.0, 0.01]","[0.001, 0.00033333333333333365, 0.011250000000000001]","[0.001, 0.00033333333333333365, 0.011250000000000001]",ok
dyn_fk_lem1_y40_a10_hold2.npz,equilibrium_seed,1,0.05,3.1561205413719975,"[-0.8267741315303088, 3.1229615436203204, 94.23230417241786]","[-1.5098270508686762, 6.199000011474708, 94.05196303641823]",0,3.204189616470838e-07,"[0.0, 0.0, 0.01]","[0.0, 0.0, 0.01]","[0.001, 0.00033333333333333365, 0.011250000000000001]",ok
dyn_fk_lem1_y40_a10_hold2.npz,equilibrium_seed,3,0.15000000000000002,3.1415267625338643,"[-0.8306035146160795, 3.280192617274527, 94.22454687234614]","[-1.5452528478307919, 6.333391269440072, 94.03364186804617]",0,0.00012399995275813103,"[0.001, 0.00033333333333333365, 0.011250000000000001]","[0.001, 0.00033333333333333365, 0.011250000000000001]","[0.002, 0.0006666666666666673, 0.0125]",ok
dyn_fk_lem1_y40_a10_hold2.npz,equilibrium_seed,4,0.2,2.717805077559584,"[-0.8363335283061359, 3.4476210951615296, 94.21610037789048]","[-1.463460375203784, 6.086938779612857, 94.05124129245279]",0,1.494101952672753e-07,"[0.001, 0.00033333333333333365, 0.011250000000000001]","[0.002, 0.0006666666666666673, 0.0125]","[0.002, 0.0006666666666666673, 0.0125]",ok
dyn_fk_lem1_y40_a10_hold2.npz,equilibrium_seed,5,0.25,2.223019216420117,"[-0.8354247603808269, 3.613451313854007, 94.20860212947247]","[-1.3589256406088808, 5.769845806357536, 94.0754703989421]",0,0.00031807034344619314,"[0.002, 0.0006666666666666673, 0.0125]","[0.002, 0.0006666666666666673, 0.0125]","[0.003, 0.0010000000000000009, 0.013750000000000002]",ok
dyn_fk_lem1_y40_a10_hold2.npz,equilibrium_seed,6,0.30000000000000004,1.7947946904084549,"[-0.8418966759656912, 3.8615657243305956, 94.19540732194919]","[-1.2701448037666838, 5.601136072501414, 94.08684155608267]",0,5.968304529545688e-08,"[0.002, 0.0006666666666666673, 0.0125]","[0.003, 0.0010000000000000009, 0.013750000000000002]","[0.003, 0.0010000000000000009, 0.013750000000000002]",ok
dyn_fk_lem1_y40_a10_hold2.npz,equilibrium_seed,0,0.0,1.471045161581128,"[-0.8271854888243086, 3.1247982290597, 94.23222600819753]","[-1.1466320582554779, 4.5594038177016145, 94.17030217007932]",0,5.899380719777282e-07,"[nan, nan, nan]","[0.0, 0.0, 0.01]","[0.0, 0.0, 0.01]",ok
dyn_fk_lem1_y40_a10_hold2.npz,equilibrium_seed,7,0.35000000000000003,1.4205127143016787,"[-0.8408165245350439, 4.09418844877361, 94.18362141816613]","[-1.1826572905685102, 5.470225671892086, 94.09688721059628]",0,3.15380183384374e-05,"[0.003, 0.0010000000000000009, 0.013750000000000002]","[0.003, 0.0010000000000000009, 0.013750000000000002]","[0.004, 0.0013333333333333346, 0.015000000000000001]",ok
dyn_fk_lem1_y40_a10_hold2.npz,equilibrium_seed,8,0.4,1.1155227914972068,"[-0.8483860368268851, 4.4001962697529695, 94.16550692801714]","[-1.1188080907909026, 5.480154530411629, 94.09512819319812]",0,3.263977144650602e-09,"[0.003, 0.0010000000000000009, 0.013750000000000002]","[0.004, 0.0013333333333333346, 0.015000000000000001]","[0.004, 0.0013333333333333346, 0.015000000000000001]",ok
dyn_fk_lem1_y40_a10_hold2.npz,equilibrium_seed,9,0.45,0.8758481473132862,"[-0.8476300986488263, 4.676885850452584, 94.14951751955513]","[-1.05927968467418, 5.524873088465726, 94.09266618663975]",0,1.894093018705539e-08,"[0.004, 0.0013333333333333346, 0.015000000000000001]","[0.004, 0.0013333333333333346, 0.015000000000000001]","[0.004999999999999999, 0.001666666666666668, 0.01625]",ok
dyn_fk_lem1_y40_a10_hold2.npz,equilibrium_seed,10,0.5,0.6790722558880479,"[-0.8572692094589807, 5.020168229092532, 94.12656287955917]","[-1.0218990439219124, 5.677358160015948, 94.08032933097738]",0,6.337022605099639e-09,"[0.004, 0.0013333333333333346, 0.015000000000000001]","[0.004999999999999999, 0.001666666666666668, 0.01625]","[0.004999999999999999, 0.001666666666666668, 0.01625]",ok
dyn_fk_lem1_y40_a10_hold2.npz,equilibrium_seed,11,0.55,0.5288108968055876,"[-0.8575664789357322, 5.324141662047871, 94.10653762275668]","[-0.9849854793943539, 5.836006518666646, 94.06912463756308]",0,2.496323831817137e-08,"[0.004999999999999999, 0.001666666666666668, 0.01625]","[0.004999999999999999, 0.001666666666666668, 0.01625]","[0.006, 0.0020000000000000018, 0.0175]",ok
dyn_fk_lem1_y40_a10_hold2.npz,equilibrium_seed,12,0.6000000000000001,0.406987194818268,"[-0.8703692840716492, 5.690890661416058, 94.07876497095144]","[-0.9683591032754005, 6.084736079772433, 94.04839461504059]",0,0.00020072165943616792,"[0.004999999999999999, 0.001666666666666668, 0.01625]","[0.006, 0.0020000000000000018, 0.0175]","[0.006, 0.0020000000000000018, 0.0175]",ok
dyn_fk_lem1_y40_a10_hold2.npz,equilibrium_seed,13,0.65,0.31645450652775214,"[-0.8706312669528179, 6.00992004957389, 94.05505265134006]","[-0.9470204855518951, 6.316026996932572, 94.03042180153145]",0,5.485885183147464e-06,"[0.006, 0.0020000000000000018, 0.0175]","[0.006, 0.0020000000000000018, 0.0175]","[0.007, 0.0023333333333333353, 0.018750000000000003]",ok
dyn_fk_lem1_y40_a10_hold2.npz,equilibrium_seed,14,0.7000000000000001,0.2430756711414691,"[-0.8864375216778436, 6.39061463064475, 94.02270498421858]","[-0.9453283125595942, 6.625600471609107, 94.00272221172646]",0,0.00025398948064186136,"[0.006, 0.0020000000000000018, 0.0175]","[0.007, 0.0023333333333333353, 0.018750000000000003]","[0.007, 0.0023333333333333353, 0.018750000000000003]",ok
dyn_fk_lem1_y40_a10_hold2.npz,equilibrium_seed,508,25.400000000000002,0.20733334033886286,"[5.495180511334889, 32.81852753711305, 86.69182250705497]","[5.599818810151194, 32.98117602672109, 86.61710029305455]",0,2.3172920143696998e-08,"[-0.27, 0.0, 0.21000000000000002]","[-0.26, -0.010000000000000009, 0.21000000000000002]","[-0.26, -0.010000000000000009, 0.21000000000000002]",ok
dyn_fk_lem1_y40_a10_hold2.npz,equilibrium_seed,507,25.35,0.19732668777380977,"[5.698027898139938, 32.639008562279386, 86.76497286545379]","[5.804084833700751, 32.79121492561821, 86.69771982770528]",0,6.083008907438233e-09,"[-0.27, 0.0, 0.21000000000000002]","[-0.27, 0.0, 0.21000000000000002]","[-0.26, -0.010000000000000009, 0.21000000000000002]",ok
dyn_fk_lem1_y40_a10_hold2.npz,equilibrium_seed,15,0.75,0.18871756973569473,"[-0.8889405093120556, 6.71969136946487, 93.99524248992788]","[-0.9349839138063464, 6.901989688510047, 93.97906692493542]",0,7.060377470654637e-05,"[0.007, 0.0023333333333333353, 0.018750000000000003]","[0.007, 0.0023333333333333353, 0.018750000000000003]","[0.008, 0.002666666666666669, 0.020000000000000004]",ok
dyn_fk_lem1_y40_a10_hold2.npz,equilibrium_seed,509,25.450000000000003,0.15774098374340312,"[5.42398973554086, 32.93409465938925, 86.64551935736594]","[5.490604120223515, 33.064389782526526, 86.58663028713784]",0,1.185116763560211e-07,"[-0.26, -0.010000000000000009, 0.21000000000000002]","[-0.26, -0.010000000000000009, 0.21000000000000002]","[-0.25, -0.019999999999999962, 0.21000000000000002]",ok
dyn_fk_lem1_y40_a10_hold2.npz,equilibrium_seed,16,0.8,0.14487272915951815,"[-0.9079408206900592, 7.108117935755223, 93.95862321402986]","[-0.9438232505085282, 7.2478650702647265, 93.94553515531848]",0,3.656289447277288e-07,"[0.007, 0.0023333333333333353, 0.018750000000000003]","[0.008, 0.002666666666666669, 0.020000000000000004]","[0.008, 0.002666666666666669, 0.020000000000000004]",ok
dyn_fk_ramp_circle1_hold1.npz,zero,0,0.0,34.389332326419414,"[-0.8272591911468055, 3.125050006440406, 94.23221079605595]","[-0.6508586331884046, 36.47902463805382, 85.85919240519144]",0,0.0018800380905404281,"[nan, nan, nan]","[0.0, 0.0, 0.01]","[0.0008254364806927176, -0.0017271515371752304, 0.011894288857554296]",expected_initial_state_mismatch
dyn_fk_ramp_circle1_hold1.npz,zero,1,0.05,29.054472992672753,"[-0.8297143626620055, 3.23597509993656, 94.22601140823225]","[-0.6965821619138985, 31.61546106060804, 88.0011055208212]",0,0.0004841558062896586,"[0.0, 0.0, 0.01]","[0.0008254364806927176, -0.0017271515371752304, 0.011894288857554296]","[0.0016508729613854353, -0.003454303074350461, 0.01378857771510859]",expected_initial_state_mismatch
dyn_fk_ramp_circle1_hold1.npz,zero,2,0.1,23.634018112266983,"[-0.8321941582997341, 3.4560743565019885, 94.21441788685395]","[-0.7556492164156524, 26.68209770997882, 89.8425999370092]",0,1.6442276342997695e-08,"[0.0008254364806927176, -0.0017271515371752304, 0.011894288857554296]","[0.0016508729613854353, -0.003454303074350461, 0.01378857771510859]","[0.002476309442078153, -0.0051814546115256915, 0.015682866572662886]",expected_initial_state_mismatch
dyn_fk_ramp_circle1_hold1.npz,zero,3,0.15000000000000002,18.727388108962604,"[-0.8352309757838519, 3.792630970792284, 94.19648927943298]","[-0.8064958964817918, 22.278636197034366, 91.1995157302868]",0,3.1434096378210785e-08,"[0.0016508729613854353, -0.003454303074350461, 0.01378857771510859]","[0.002476309442078153, -0.0051814546115256915, 0.015682866572662886]","[0.0033017459227708706, -0.006908606148700922, 0.017577155430217185]",expected_initial_state_mismatch
dyn_fk_ramp_circle1_hold1.npz,zero,4,0.2,14.538515827443081,"[-0.8386653117607644, 4.241556281177138, 94.17096200882118]","[-0.8452616114750716, 18.635529969585694, 92.12598758085264]",0,1.4314053927536076e-06,"[0.002476309442078153, -0.0051814546115256915, 0.015682866572662886]","[0.0033017459227708706, -0.006908606148700922, 0.017577155430217185]","[0.004127182403463588, -0.008635757685876152, 0.019471444287771478]",expected_initial_state_mismatch
dyn_fk_ramp_circle1_hold1.npz,zero,5,0.25,11.088970258444547,"[-0.8477622900950481, 4.791141098245278, 94.13641793800313]","[-0.8725322044532908, 15.79046493911974, 92.72946275478617]",0,3.8073513406069995e-07,"[0.0033017459227708706, -0.006908606148700922, 0.017577155430217185]","[0.004127182403463588, -0.008635757685876152, 0.019471444287771478]","[0.004952618884156306, -0.010362909223051383, 0.021365733145325777]",expected_initial_state_mismatch
dyn_fk_ramp_circle1_hold1.npz,zero,6,0.30000000000000004,8.326124898724993,"[-0.8541182722931614, 5.414767411664395, 94.0928619819214]","[-0.8905587378184298, 13.682551991170657, 93.10961935239446]",0,3.411410193259238e-08,"[0.004127182403463588, -0.008635757685876152, 0.019471444287771478]","[0.004952618884156306, -0.010362909223051383, 0.021365733145325777]","[0.005778055364849024, -0.012090060760226612, 0.02326002200288007]",ok
dyn_fk_ramp_circle1_hold1.npz,zero,7,0.35000000000000003,6.149090449196994,"[-0.8602992075831448, 6.0938283305713705, 94.0399206357058]","[-0.9001950931623048, 12.203092119323296, 93.34234079786354]",0,0.0009641108218990973,"[0.004952618884156306, -0.010362909223051383, 0.021365733145325777]","[0.005778055364849024, -0.012090060760226612, 0.02326002200288007]","[0.006603491845541741, -0.013817212297401843, 0.02515431086043437]",ok
dyn_fk_ramp_circle1_hold1.npz,zero,8,0.4,4.476747790973124,"[-0.8673546731847981, 6.8103585750611755, 93.97775727035099]","[-0.9143127936367752, 11.258532240649997, 93.47494840043274]",0,6.06206516213887e-09,"[0.005778055364849024, -0.012090060760226612, 0.02326002200288007]","[0.006603491845541741, -0.013817212297401843, 0.02515431086043437]","[0.007428928326234459, -0.015544363834577073, 0.02704859971798866]",ok
dyn_fk_ramp_circle1_hold1.npz,zero,9,0.45,3.1970874764577384,"[-0.8757017591827215, 7.54884922738806, 93.90686223359762]","[-0.9207352167852035, 10.724852394857946, 93.54307080978374]",0,2.8156531558601577e-07,"[0.006603491845541741, -0.013817212297401843, 0.02515431086043437]","[0.007428928326234459, -0.015544363834577073, 0.02704859971798866]","[0.008254364806927176, -0.017271515371752304, 0.028942888575542957]",ok
dyn_fk_ramp_circle1_hold1.npz,zero,10,0.5,2.2411973755033454,"[-0.8853916020175828, 8.296389121087314, 93.828000844652]","[-0.9250900746793653, 10.52176653251404, 93.5651604292987]",0,2.0663829765741236e-09,"[0.007428928326234459, -0.015544363834577073, 0.02704859971798866]","[0.008254364806927176, -0.017271515371752304, 0.028942888575542957]","[0.009079801287619893, -0.01899866690892753, 0.030837177433097253]",ok
dyn_fk_ramp_circle1_hold1.npz,zero,11,0.55,1.548375805143792,"[-0.8961661553966962, 9.042454221407825, 93.74214220144638]","[-0.9304668844976871, 10.578829452565342, 93.55282172441468]",0,6.782035998307978e-08,"[0.008254364806927176, -0.017271515371752304, 0.028942888575542957]","[0.009079801287619893, -0.01899866690892753, 0.030837177433097253]","[0.009905237768312612, -0.020725818446102766, 0.03273146629065155]",ok
dyn_fk_ramp_circle1_hold1.npz,zero,12,0.6000000000000001,1.051989048906315,"[-0.9077493117974214, 9.778879129676657, 93.65035252721111]","[-0.9369754894508417, 10.821761828666588, 93.51536191381129]",0,3.518139182733496e-09,"[0.009079801287619893, -0.01899866690892753, 0.030837177433097253]","[0.009905237768312612, -0.020725818446102766, 0.03273146629065155]","[0.010730674249005331, -0.022452969983277997, 0.034625755148205845]",ok
dyn_fk_ramp_circle1_hold1.npz,zero,13,0.65,0.700298120442851,"[-0.9199375082310116, 10.499596970087053, 93.55371530439021]","[-0.9445446128071284, 11.193042935684952, 93.4591391937905]",0,4.345163045727449e-07,"[0.009905237768312612, -0.020725818446102766, 0.03273146629065155]","[0.010730674249005331, -0.022452969983277997, 0.034625755148205845]","[0.011556110729698048, -0.024180121520453225, 0.036520044005760144]",ok
dyn_fk_ramp_circle1_hold1.npz,zero,14,0.7000000000000001,0.4545633957592576,"[-0.9326687141921407, 11.20041013920824, 93.45325600630541]","[-0.9530539358026393, 11.64988726519667, 93.38858269869509]",0,8.85345186986589e-05,"[0.010730674249005331, -0.022452969983277997, 0.034625755148205845]","[0.011556110729698048, -0.024180121520453225, 0.036520044005760144]","[0.012381547210390765, -0.025907273057628456, 0.038414332863314436]",ok
dyn_fk_ramp_circle1_hold1.npz,zero,15,0.75,0.28595309563723303,"[-0.9459160111356104, 11.87857807304094, 93.34991352539855]","[-0.9629714444193602, 12.16079451173557, 93.30710970745506]",0,4.64634249299775e-05,"[0.011556110729698048, -0.024180121520453225, 0.036520044005760144]","[0.012381547210390765, -0.025907273057628456, 0.038414332863314436]","[0.013206983691083482, -0.027634424594803687, 0.040308621720868736]",ok
dyn_fk_ramp_circle1_hold1.npz,zero,201,10.05,0.20759732557817676,"[6.910523602233446, 44.44390728775648, 79.71745706321073]","[6.838028629506474, 44.37378859247322, 79.89890815052712]",3,0.028709947802668882,"[-0.22214060800252364, -0.014474509447696281, 0.29065598608481996]","[-0.2144479194691609, -0.026778903376177342, 0.29444008907979063]","[-0.2144479194691609, -0.026778903376177342, 0.29444008907979063]",ok
dyn_fk_ramp_circle1_hold1.npz,zero,16,0.8,0.17251239514539735,"[-0.9595968870027656, 12.532416472616099, 93.24453573811176]","[-0.9736302733021117, 12.70220586770477, 93.21742205405374]",0,3.277767534636858e-05,"[0.012381547210390765, -0.025907273057628456, 0.038414332863314436]","[0.013206983691083482, -0.027634424594803687, 0.040308621720868736]","[0.0140324201717762, -0.029361576131978914, 0.04220291057842302]",ok
dyn_fk_ramp_circle1_hold1.npz,zero,203,10.15,0.16108073778666046,"[6.412198814321918, 44.67094308781462, 79.61935780412914]","[6.481067568147683, 44.79304526910204, 79.5400157840059]",0,5.504666220657464e-08,"[-0.2144479194691609, -0.026778903376177342, 0.29444008907979063]","[-0.20627866905903441, -0.03890784384313662, 0.2977646536699791]","[-0.20627866905903441, -0.03890784384313662, 0.2977646536699791]",ok
dyn_fk_ramp_circle1_hold1.npz,zero,200,10.0,0.1521634696829919,"[7.204363373953149, 44.24949666345068, 79.83017927268656]","[7.134535536989733, 44.13307799845413, 79.89891419198817]",0,2.1711213490856017e-08,"[-0.22885838819920537, -0.002834601906632763, 0.28674453225126717]","[-0.22214060800252364, -0.014474509447696281, 0.29065598608481996]","[-0.2144479194691609, -0.026778903376177342, 0.29444008907979063]",ok
dyn_fk_ramp_circle1_hold1.npz,warm,0,0.0,34.389332326419414,"[-0.8272591911468055, 3.125050006440406, 94.23221079605595]","[-0.6508586331884046, 36.47902463805382, 85.85919240519144]",0,0.0018800380905404281,"[nan, nan, nan]","[0.0, 0.0, 0.01]","[0.0008254364806927176, -0.0017271515371752304, 0.011894288857554296]",expected_initial_state_mismatch
dyn_fk_ramp_circle1_hold1.npz,warm,1,0.05,29.054472992672753,"[-0.8297143626620055, 3.23597509993656, 94.22601140823225]","[-0.6965821619138985, 31.61546106060804, 88.0011055208212]",0,0.0004841558062896586,"[0.0, 0.0, 0.01]","[0.0008254364806927176, -0.0017271515371752304, 0.011894288857554296]","[0.0016508729613854353, -0.003454303074350461, 0.01378857771510859]",expected_initial_state_mismatch
dyn_fk_ramp_circle1_hold1.npz,warm,2,0.1,23.634018112266983,"[-0.8321941582997341, 3.4560743565019885, 94.21441788685395]","[-0.7556492164156524, 26.68209770997882, 89.8425999370092]",0,1.6442276342997695e-08,"[0.0008254364806927176, -0.0017271515371752304, 0.011894288857554296]","[0.0016508729613854353, -0.003454303074350461, 0.01378857771510859]","[0.002476309442078153, -0.0051814546115256915, 0.015682866572662886]",expected_initial_state_mismatch
dyn_fk_ramp_circle1_hold1.npz,warm,3,0.15000000000000002,18.727388108962604,"[-0.8352309757838519, 3.792630970792284, 94.19648927943298]","[-0.8064958964817918, 22.278636197034366, 91.1995157302868]",0,3.1434096378210785e-08,"[0.0016508729613854353, -0.003454303074350461, 0.01378857771510859]","[0.002476309442078153, -0.0051814546115256915, 0.015682866572662886]","[0.0033017459227708706, -0.006908606148700922, 0.017577155430217185]",expected_initial_state_mismatch
dyn_fk_ramp_circle1_hold1.npz,warm,4,0.2,14.538515827443081,"[-0.8386653117607644, 4.241556281177138, 94.17096200882118]","[-0.8452616114750716, 18.635529969585694, 92.12598758085264]",0,1.4314053927536076e-06,"[0.002476309442078153, -0.0051814546115256915, 0.015682866572662886]","[0.0033017459227708706, -0.006908606148700922, 0.017577155430217185]","[0.004127182403463588, -0.008635757685876152, 0.019471444287771478]",expected_initial_state_mismatch
dyn_fk_ramp_circle1_hold1.npz,warm,5,0.25,11.088970258444547,"[-0.8477622900950481, 4.791141098245278, 94.13641793800313]","[-0.8725322044532908, 15.79046493911974, 92.72946275478617]",0,3.8073513406069995e-07,"[0.0033017459227708706, -0.006908606148700922, 0.017577155430217185]","[0.004127182403463588, -0.008635757685876152, 0.019471444287771478]","[0.004952618884156306, -0.010362909223051383, 0.021365733145325777]",expected_initial_state_mismatch
dyn_fk_ramp_circle1_hold1.npz,warm,6,0.30000000000000004,8.326124898724993,"[-0.8541182722931614, 5.414767411664395, 94.0928619819214]","[-0.8905587378184298, 13.682551991170657, 93.10961935239446]",0,3.411410193259238e-08,"[0.004127182403463588, -0.008635757685876152, 0.019471444287771478]","[0.004952618884156306, -0.010362909223051383, 0.021365733145325777]","[0.005778055364849024, -0.012090060760226612, 0.02326002200288007]",ok
dyn_fk_ramp_circle1_hold1.npz,warm,7,0.35000000000000003,6.149090449196994,"[-0.8602992075831448, 6.0938283305713705, 94.0399206357058]","[-0.9001950931623048, 12.203092119323296, 93.34234079786354]",0,0.0009641108218990973,"[0.004952618884156306, -0.010362909223051383, 0.021365733145325777]","[0.005778055364849024, -0.012090060760226612, 0.02326002200288007]","[0.006603491845541741, -0.013817212297401843, 0.02515431086043437]",ok
dyn_fk_ramp_circle1_hold1.npz,warm,8,0.4,4.476747790973124,"[-0.8673546731847981, 6.8103585750611755, 93.97775727035099]","[-0.9143127936367752, 11.258532240649997, 93.47494840043274]",0,6.06206516213887e-09,"[0.005778055364849024, -0.012090060760226612, 0.02326002200288007]","[0.006603491845541741, -0.013817212297401843, 0.02515431086043437]","[0.007428928326234459, -0.015544363834577073, 0.02704859971798866]",ok
dyn_fk_ramp_circle1_hold1.npz,warm,9,0.45,3.1970874764577384,"[-0.8757017591827215, 7.54884922738806, 93.90686223359762]","[-0.9207352167852035, 10.724852394857946, 93.54307080978374]",0,2.8156531558601577e-07,"[0.006603491845541741, -0.013817212297401843, 0.02515431086043437]","[0.007428928326234459, -0.015544363834577073, 0.02704859971798866]","[0.008254364806927176, -0.017271515371752304, 0.028942888575542957]",ok
dyn_fk_ramp_circle1_hold1.npz,warm,10,0.5,2.2411973755033454,"[-0.8853916020175828, 8.296389121087314, 93.828000844652]","[-0.9250900746793653, 10.52176653251404, 93.5651604292987]",0,2.0663829765741236e-09,"[0.007428928326234459, -0.015544363834577073, 0.02704859971798866]","[0.008254364806927176, -0.017271515371752304, 0.028942888575542957]","[0.009079801287619893, -0.01899866690892753, 0.030837177433097253]",ok
dyn_fk_ramp_circle1_hold1.npz,warm,11,0.55,1.548375805143792,"[-0.8961661553966962, 9.042454221407825, 93.74214220144638]","[-0.9304668844976871, 10.578829452565342, 93.55282172441468]",0,6.782035998307978e-08,"[0.008254364806927176, -0.017271515371752304, 0.028942888575542957]","[0.009079801287619893, -0.01899866690892753, 0.030837177433097253]","[0.009905237768312612, -0.020725818446102766, 0.03273146629065155]",ok
dyn_fk_ramp_circle1_hold1.npz,warm,12,0.6000000000000001,1.051989048906315,"[-0.9077493117974214, 9.778879129676657, 93.65035252721111]","[-0.9369754894508417, 10.821761828666588, 93.51536191381129]",0,3.518139182733496e-09,"[0.009079801287619893, -0.01899866690892753, 0.030837177433097253]","[0.009905237768312612, -0.020725818446102766, 0.03273146629065155]","[0.010730674249005331, -0.022452969983277997, 0.034625755148205845]",ok
dyn_fk_ramp_circle1_hold1.npz,warm,13,0.65,0.700298120442851,"[-0.9199375082310116, 10.499596970087053, 93.55371530439021]","[-0.9445446128071284, 11.193042935684952, 93.4591391937905]",0,4.345163045727449e-07,"[0.009905237768312612, -0.020725818446102766, 0.03273146629065155]","[0.010730674249005331, -0.022452969983277997, 0.034625755148205845]","[0.011556110729698048, -0.024180121520453225, 0.036520044005760144]",ok
dyn_fk_ramp_circle1_hold1.npz,warm,14,0.7000000000000001,0.4545633957592576,"[-0.9326687141921407, 11.20041013920824, 93.45325600630541]","[-0.9530539358026393, 11.64988726519667, 93.38858269869509]",0,8.85345186986589e-05,"[0.010730674249005331, -0.022452969983277997, 0.034625755148205845]","[0.011556110729698048, -0.024180121520453225, 0.036520044005760144]","[0.012381547210390765, -0.025907273057628456, 0.038414332863314436]",ok
dyn_fk_ramp_circle1_hold1.npz,warm,15,0.75,0.28595309563723303,"[-0.9459160111356104, 11.87857807304094, 93.34991352539855]","[-0.9629714444193602, 12.16079451173557, 93.30710970745506]",0,4.64634249299775e-05,"[0.011556110729698048, -0.024180121520453225, 0.036520044005760144]","[0.012381547210390765, -0.025907273057628456, 0.038414332863314436]","[0.013206983691083482, -0.027634424594803687, 0.040308621720868736]",ok
dyn_fk_ramp_circle1_hold1.npz,warm,201,10.05,0.20759732557817676,"[6.910523602233446, 44.44390728775648, 79.71745706321073]","[6.838028629506474, 44.37378859247322, 79.89890815052712]",3,0.028709947802668882,"[-0.22214060800252364, -0.014474509447696281, 0.29065598608481996]","[-0.2144479194691609, -0.026778903376177342, 0.29444008907979063]","[-0.2144479194691609, -0.026778903376177342, 0.29444008907979063]",ok
dyn_fk_ramp_circle1_hold1.npz,warm,16,0.8,0.17251239514539735,"[-0.9595968870027656, 12.532416472616099, 93.24453573811176]","[-0.9736302733021117, 12.70220586770477, 93.21742205405374]",0,3.277767534636858e-05,"[0.012381547210390765, -0.025907273057628456, 0.038414332863314436]","[0.013206983691083482, -0.027634424594803687, 0.040308621720868736]","[0.0140324201717762, -0.029361576131978914, 0.04220291057842302]",ok
dyn_fk_ramp_circle1_hold1.npz,warm,203,10.15,0.16108073778666046,"[6.412198814321918, 44.67094308781462, 79.61935780412914]","[6.481067568147683, 44.79304526910204, 79.5400157840059]",0,5.504666220657464e-08,"[-0.2144479194691609, -0.026778903376177342, 0.29444008907979063]","[-0.20627866905903441, -0.03890784384313662, 0.2977646536699791]","[-0.20627866905903441, -0.03890784384313662, 0.2977646536699791]",ok
dyn_fk_ramp_circle1_hold1.npz,warm,200,10.0,0.1521634696829919,"[7.204363373953149, 44.24949666345068, 79.83017927268656]","[7.134535536989733, 44.13307799845413, 79.89891419198817]",0,2.1711213490856017e-08,"[-0.22885838819920537, -0.002834601906632763, 0.28674453225126717]","[-0.22214060800252364, -0.014474509447696281, 0.29065598608481996]","[-0.2144479194691609, -0.026778903376177342, 0.29444008907979063]",ok
dyn_fk_ramp_circle1_hold1.npz,workspace,0,0.0,34.389332326419414,"[-0.8272591911468055, 3.125050006440406, 94.23221079605595]","[-0.6508586331884046, 36.47902463805382, 85.85919240519144]",0,0.0018800380905404281,"[nan, nan, nan]","[0.0, 0.0, 0.01]","[0.0008254364806927176, -0.0017271515371752304, 0.011894288857554296]",expected_initial_state_mismatch
dyn_fk_ramp_circle1_hold1.npz,workspace,1,0.05,29.054472992672753,"[-0.8297143626620055, 3.23597509993656, 94.22601140823225]","[-0.6965821619138985, 31.61546106060804, 88.0011055208212]",0,0.0004841558062896586,"[0.0, 0.0, 0.01]","[0.0008254364806927176, -0.0017271515371752304, 0.011894288857554296]","[0.0016508729613854353, -0.003454303074350461, 0.01378857771510859]",expected_initial_state_mismatch
dyn_fk_ramp_circle1_hold1.npz,workspace,2,0.1,23.634018112266983,"[-0.8321941582997341, 3.4560743565019885, 94.21441788685395]","[-0.7556492164156524, 26.68209770997882, 89.8425999370092]",0,1.6442276342997695e-08,"[0.0008254364806927176, -0.0017271515371752304, 0.011894288857554296]","[0.0016508729613854353, -0.003454303074350461, 0.01378857771510859]","[0.002476309442078153, -0.0051814546115256915, 0.015682866572662886]",expected_initial_state_mismatch
dyn_fk_ramp_circle1_hold1.npz,workspace,3,0.15000000000000002,18.727388108962604,"[-0.8352309757838519, 3.792630970792284, 94.19648927943298]","[-0.8064958964817918, 22.278636197034366, 91.1995157302868]",0,3.1434096378210785e-08,"[0.0016508729613854353, -0.003454303074350461, 0.01378857771510859]","[0.002476309442078153, -0.0051814546115256915, 0.015682866572662886]","[0.0033017459227708706, -0.006908606148700922, 0.017577155430217185]",expected_initial_state_mismatch
dyn_fk_ramp_circle1_hold1.npz,workspace,4,0.2,14.538515827443081,"[-0.8386653117607644, 4.241556281177138, 94.17096200882118]","[-0.8452616114750716, 18.635529969585694, 92.12598758085264]",0,1.4314053927536076e-06,"[0.002476309442078153, -0.0051814546115256915, 0.015682866572662886]","[0.0033017459227708706, -0.006908606148700922, 0.017577155430217185]","[0.004127182403463588, -0.008635757685876152, 0.019471444287771478]",expected_initial_state_mismatch
dyn_fk_ramp_circle1_hold1.npz,workspace,5,0.25,11.088970258444547,"[-0.8477622900950481, 4.791141098245278, 94.13641793800313]","[-0.8725322044532908, 15.79046493911974, 92.72946275478617]",0,3.8073513406069995e-07,"[0.0033017459227708706, -0.006908606148700922, 0.017577155430217185]","[0.004127182403463588, -0.008635757685876152, 0.019471444287771478]","[0.004952618884156306, -0.010362909223051383, 0.021365733145325777]",expected_initial_state_mismatch
dyn_fk_ramp_circle1_hold1.npz,workspace,6,0.30000000000000004,8.326124898724993,"[-0.8541182722931614, 5.414767411664395, 94.0928619819214]","[-0.8905587378184298, 13.682551991170657, 93.10961935239446]",0,3.411410193259238e-08,"[0.004127182403463588, -0.008635757685876152, 0.019471444287771478]","[0.004952618884156306, -0.010362909223051383, 0.021365733145325777]","[0.005778055364849024, -0.012090060760226612, 0.02326002200288007]",ok
dyn_fk_ramp_circle1_hold1.npz,workspace,7,0.35000000000000003,6.149090449196994,"[-0.8602992075831448, 6.0938283305713705, 94.0399206357058]","[-0.9001950931623048, 12.203092119323296, 93.34234079786354]",0,0.0009641108218990973,"[0.004952618884156306, -0.010362909223051383, 0.021365733145325777]","[0.005778055364849024, -0.012090060760226612, 0.02326002200288007]","[0.006603491845541741, -0.013817212297401843, 0.02515431086043437]",ok
dyn_fk_ramp_circle1_hold1.npz,workspace,8,0.4,4.476747790973124,"[-0.8673546731847981, 6.8103585750611755, 93.97775727035099]","[-0.9143127936367752, 11.258532240649997, 93.47494840043274]",0,6.06206516213887e-09,"[0.005778055364849024, -0.012090060760226612, 0.02326002200288007]","[0.006603491845541741, -0.013817212297401843, 0.02515431086043437]","[0.007428928326234459, -0.015544363834577073, 0.02704859971798866]",ok
dyn_fk_ramp_circle1_hold1.npz,workspace,9,0.45,3.1970874764577384,"[-0.8757017591827215, 7.54884922738806, 93.90686223359762]","[-0.9207352167852035, 10.724852394857946, 93.54307080978374]",0,2.8156531558601577e-07,"[0.006603491845541741, -0.013817212297401843, 0.02515431086043437]","[0.007428928326234459, -0.015544363834577073, 0.02704859971798866]","[0.008254364806927176, -0.017271515371752304, 0.028942888575542957]",ok
dyn_fk_ramp_circle1_hold1.npz,workspace,10,0.5,2.2411973755033454,"[-0.8853916020175828, 8.296389121087314, 93.828000844652]","[-0.9250900746793653, 10.52176653251404, 93.5651604292987]",0,2.0663829765741236e-09,"[0.007428928326234459, -0.015544363834577073, 0.02704859971798866]","[0.008254364806927176, -0.017271515371752304, 0.028942888575542957]","[0.009079801287619893, -0.01899866690892753, 0.030837177433097253]",ok
dyn_fk_ramp_circle1_hold1.npz,workspace,11,0.55,1.548375805143792,"[-0.8961661553966962, 9.042454221407825, 93.74214220144638]","[-0.9304668844976871, 10.578829452565342, 93.55282172441468]",0,6.782035998307978e-08,"[0.008254364806927176, -0.017271515371752304, 0.028942888575542957]","[0.009079801287619893, -0.01899866690892753, 0.030837177433097253]","[0.009905237768312612, -0.020725818446102766, 0.03273146629065155]",ok
dyn_fk_ramp_circle1_hold1.npz,workspace,12,0.6000000000000001,1.051989048906315,"[-0.9077493117974214, 9.778879129676657, 93.65035252721111]","[-0.9369754894508417, 10.821761828666588, 93.51536191381129]",0,3.518139182733496e-09,"[0.009079801287619893, -0.01899866690892753, 0.030837177433097253]","[0.009905237768312612, -0.020725818446102766, 0.03273146629065155]","[0.010730674249005331, -0.022452969983277997, 0.034625755148205845]",ok
dyn_fk_ramp_circle1_hold1.npz,workspace,13,0.65,0.700298120442851,"[-0.9199375082310116, 10.499596970087053, 93.55371530439021]","[-0.9445446128071284, 11.193042935684952, 93.4591391937905]",0,4.345163045727449e-07,"[0.009905237768312612, -0.020725818446102766, 0.03273146629065155]","[0.010730674249005331, -0.022452969983277997, 0.034625755148205845]","[0.011556110729698048, -0.024180121520453225, 0.036520044005760144]",ok
dyn_fk_ramp_circle1_hold1.npz,workspace,14,0.7000000000000001,0.4545633957592576,"[-0.9326687141921407, 11.20041013920824, 93.45325600630541]","[-0.9530539358026393, 11.64988726519667, 93.38858269869509]",0,8.85345186986589e-05,"[0.010730674249005331, -0.022452969983277997, 0.034625755148205845]","[0.011556110729698048, -0.024180121520453225, 0.036520044005760144]","[0.012381547210390765, -0.025907273057628456, 0.038414332863314436]",ok
dyn_fk_ramp_circle1_hold1.npz,workspace,15,0.75,0.28595309563723303,"[-0.9459160111356104, 11.87857807304094, 93.34991352539855]","[-0.9629714444193602, 12.16079451173557, 93.30710970745506]",0,4.64634249299775e-05,"[0.011556110729698048, -0.024180121520453225, 0.036520044005760144]","[0.012381547210390765, -0.025907273057628456, 0.038414332863314436]","[0.013206983691083482, -0.027634424594803687, 0.040308621720868736]",ok
dyn_fk_ramp_circle1_hold1.npz,workspace,201,10.05,0.20759732557817676,"[6.910523602233446, 44.44390728775648, 79.71745706321073]","[6.838028629506474, 44.37378859247322, 79.89890815052712]",3,0.028709947802668882,"[-0.22214060800252364, -0.014474509447696281, 0.29065598608481996]","[-0.2144479194691609, -0.026778903376177342, 0.29444008907979063]","[-0.2144479194691609, -0.026778903376177342, 0.29444008907979063]",ok
dyn_fk_ramp_circle1_hold1.npz,workspace,16,0.8,0.17251239514539735,"[-0.9595968870027656, 12.532416472616099, 93.24453573811176]","[-0.9736302733021117, 12.70220586770477, 93.21742205405374]",0,3.277767534636858e-05,"[0.012381547210390765, -0.025907273057628456, 0.038414332863314436]","[0.013206983691083482, -0.027634424594803687, 0.040308621720868736]","[0.0140324201717762, -0.029361576131978914, 0.04220291057842302]",ok
dyn_fk_ramp_circle1_hold1.npz,workspace,203,10.15,0.16108073778666046,"[6.412198814321918, 44.67094308781462, 79.61935780412914]","[6.481067568147683, 44.79304526910204, 79.5400157840059]",0,5.504666220657464e-08,"[-0.2144479194691609, -0.026778903376177342, 0.29444008907979063]","[-0.20627866905903441, -0.03890784384313662, 0.2977646536699791]","[-0.20627866905903441, -0.03890784384313662, 0.2977646536699791]",ok
dyn_fk_ramp_circle1_hold1.npz,workspace,200,10.0,0.1521634696829919,"[7.204363373953149, 44.24949666345068, 79.83017927268656]","[7.134535536989733, 44.13307799845413, 79.89891419198817]",0,2.1711213490856017e-08,"[-0.22885838819920537, -0.002834601906632763, 0.28674453225126717]","[-0.22214060800252364, -0.014474509447696281, 0.29065598608481996]","[-0.2144479194691609, -0.026778903376177342, 0.29444008907979063]",ok
dyn_fk_ramp_circle1_hold1.npz,equilibrium_seed,2,0.1,3.357885535111348,"[-0.8321941582997341, 3.4560743565019885, 94.21441788685395]","[-1.5907452740820864, 6.7201223350345884, 93.99997380208447]",0,7.417849623241246e-09,"[0.0008254364806927176, -0.0017271515371752304, 0.011894288857554296]","[0.0016508729613854353, -0.003454303074350461, 0.01378857771510859]","[0.002476309442078153, -0.0051814546115256915, 0.015682866572662886]",ok
dyn_fk_ramp_circle1_hold1.npz,equilibrium_seed,1,0.05,3.126182772365605,"[-0.8297143626620055, 3.23597509993656, 94.22601140823225]","[-1.5151213441137945, 6.280617350105475, 94.04328329189813]",0,2.1895166537361394e-09,"[0.0, 0.0, 0.01]","[0.0008254364806927176, -0.0017271515371752304, 0.011894288857554296]","[0.0016508729613854353, -0.003454303074350461, 0.01378857771510859]",ok
dyn_fk_ramp_circle1_hold1.npz,equilibrium_seed,3,0.15000000000000002,3.095648298486647,"[-0.8352309757838519, 3.792630970792284, 94.19648927943298]","[-1.5518286628701345, 6.797059583636388, 93.98928200854338]",0,3.4273745984558963e-09,"[0.0016508729613854353, -0.003454303074350461, 0.01378857771510859]","[0.002476309442078153, -0.0051814546115256915, 0.015682866572662886]","[0.0033017459227708706, -0.006908606148700922, 0.017577155430217185]",ok
dyn_fk_ramp_circle1_hold1.npz,equilibrium_seed,4,0.2,2.6565122190394965,"[-0.8386653117607644, 4.241556281177138, 94.17096200882118]","[-1.4665042568887614, 6.816095377844552, 93.98488710826324]",0,3.2558453460890623e-10,"[0.002476309442078153, -0.0051814546115256915, 0.015682866572662886]","[0.0033017459227708706, -0.006908606148700922, 0.017577155430217185]","[0.004127182403463588, -0.008635757685876152, 0.019471444287771478]",ok
dyn_fk_ramp_circle1_hold1.npz,equilibrium_seed,5,0.25,2.1766958658669107,"[-0.8477622900950481, 4.791141098245278, 94.13641793800313]","[-1.3692440200892957, 6.898308580117869, 93.97546172935299]",0,5.928000791399587e-11,"[0.0033017459227708706, -0.006908606148700922, 0.017577155430217185]","[0.004127182403463588, -0.008635757685876152, 0.019471444287771478]","[0.004952618884156306, -0.010362909223051383, 0.021365733145325777]",ok
dyn_fk_ramp_circle1_hold1.npz,equilibrium_seed,6,0.30000000000000004,1.7285696140000428,"[-0.8541182722931614, 5.414767411664395, 94.0928619819214]","[-1.2769310821800606, 7.085280517388127, 93.956596792511]",0,8.363967289993171e-10,"[0.004127182403463588, -0.008635757685876152, 0.019471444287771478]","[0.004952618884156306, -0.010362909223051383, 0.021365733145325777]","[0.005778055364849024, -0.012090060760226612, 0.02326002200288007]",ok
dyn_fk_ramp_circle1_hold1.npz,equilibrium_seed,0,0.0,1.4707829758652644,"[-0.8272591911468055, 3.125050006440406, 94.23221079605595]","[-1.1466320582554779, 4.5594038177016145, 94.17030217007932]",0,5.899380719777282e-07,"[nan, nan, nan]","[0.0, 0.0, 0.01]","[0.0008254364806927176, -0.0017271515371752304, 0.011894288857554296]",ok
dyn_fk_ramp_circle1_hold1.npz,equilibrium_seed,7,0.35000000000000003,1.3347351499140783,"[-0.8602992075831448, 6.0938283305713705, 94.0399206357058]","[-1.1967684680603183, 7.380511005561973, 93.92698680087705]",0,9.349750602023378e-06,"[0.004952618884156306, -0.010362909223051383, 0.021365733145325777]","[0.005778055364849024, -0.012090060760226612, 0.02326002200288007]","[0.006603491845541741, -0.013817212297401843, 0.02515431086043437]",ok
dyn_fk_ramp_circle1_hold1.npz,equilibrium_seed,8,0.4,1.0028387124640887,"[-0.8673546731847981, 6.8103585750611755, 93.97775727035099]","[-1.1309590383332477, 7.773609216177757, 93.88639850350397]",0,6.48956751724124e-09,"[0.005778055364849024, -0.012090060760226612, 0.02326002200288007]","[0.006603491845541741, -0.013817212297401843, 0.02515431086043437]","[0.007428928326234459, -0.015544363834577073, 0.02704859971798866]",ok
dyn_fk_ramp_circle1_hold1.npz,equilibrium_seed,9,0.45,0.7331082427214974,"[-0.8757017591827215, 7.54884922738806, 93.90686223359762]","[-1.079332099212793, 8.249426287454249, 93.83493057801779]",0,0.00011923933457294171,"[0.006603491845541741, -0.013817212297401843, 0.02515431086043437]","[0.007428928326234459, -0.015544363834577073, 0.02704859971798866]","[0.008254364806927176, -0.017271515371752304, 0.028942888575542957]",ok
dyn_fk_ramp_circle1_hold1.npz,equilibrium_seed,10,0.5,0.5214808360107209,"[-0.8853916020175828, 8.296389121087314, 93.828000844652]","[-1.0415004318217151, 8.790918961762824, 93.77311430472571]",0,3.9050022855642424e-09,"[0.007428928326234459, -0.015544363834577073, 0.02704859971798866]","[0.008254364806927176, -0.017271515371752304, 0.028942888575542957]","[0.009079801287619893, -0.01899866690892753, 0.030837177433097253]",ok
dyn_fk_ramp_circle1_hold1.npz,equilibrium_seed,11,0.55,0.36059916858109076,"[-0.8961661553966962, 9.042454221407825, 93.74214220144638]","[-1.0144521476155386, 9.380679469070166, 93.70159758071902]",0,5.0952443804805076e-05,"[0.008254364806927176, -0.017271515371752304, 0.028942888575542957]","[0.009079801287619893, -0.01899866690892753, 0.030837177433097253]","[0.009905237768312612, -0.020725818446102766, 0.03273146629065155]",ok
dyn_fk_ramp_circle1_hold1.npz,equilibrium_seed,12,0.6000000000000001,0.24130782083328642,"[-0.9077493117974214, 9.778879129676657, 93.65035252721111]","[-0.996558789472577, 10.001409433356976, 93.62167143562937]",0,2.973981383647554e-09,"[0.009079801287619893, -0.01899866690892753, 0.030837177433097253]","[0.009905237768312612, -0.020725818446102766, 0.03273146629065155]","[0.010730674249005331, -0.022452969983277997, 0.034625755148205845]",ok
dyn_fk_ramp_circle1_hold1.npz,equilibrium_seed,201,10.05,0.2192778716172773,"[6.910523602233446, 44.44390728775648, 79.71745706321073]","[6.833752709721214, 44.36443297148083, 79.9068583517396]",3,0.029259496896763517,"[-0.22214060800252364, -0.014474509447696281, 0.29065598608481996]","[-0.2144479194691609, -0.026778903376177342, 0.29444008907979063]","[-0.2144479194691609, -0.026778903376177342, 0.29444008907979063]",ok
dyn_fk_ramp_circle1_hold1.npz,equilibrium_seed,200,10.0,0.17279642642062748,"[7.204363373953149, 44.24949666345068, 79.83017927268656]","[7.121661451821625, 44.11969279830896, 79.90872832521912]",0,4.2792507839048325e-09,"[-0.22885838819920537, -0.002834601906632763, 0.28674453225126717]","[-0.22214060800252364, -0.014474509447696281, 0.29065598608481996]","[-0.2144479194691609, -0.026778903376177342, 0.29444008907979063]",ok
dyn_fk_ramp_circle1_hold1.npz,equilibrium_seed,203,10.15,0.16290110964649898,"[6.412198814321918, 44.67094308781462, 79.61935780412914]","[6.485096507786981, 44.792946944921056, 79.53974777547265]",0,1.4098572407104626e-07,"[-0.2144479194691609, -0.026778903376177342, 0.29444008907979063]","[-0.20627866905903441, -0.03890784384313662, 0.2977646536699791]","[-0.20627866905903441, -0.03890784384313662, 0.2977646536699791]",ok
dyn_fk_ramp_circle1_hold1.npz,equilibrium_seed,13,0.65,0.15646306229371698,"[-0.9199375082310116, 10.499596970087053, 93.55371530439021]","[-0.9862670984498051, 10.639962243731206, 93.53425598069856]",0,4.2741297003198534e-05,"[0.009905237768312612, -0.020725818446102766, 0.03273146629065155]","[0.010730674249005331, -0.022452969983277997, 0.034625755148205845]","[0.011556110729698048, -0.024180121520453225, 0.036520044005760144]",ok
dyn_fk_ramp_circle1_hold1.npz,equilibrium_seed,155,7.75,0.15469086402533236,"[7.9900872745667675, 34.54723762539438, 85.53780940625671]","[8.075835714643029, 34.66131898096522, 85.47812764397952]",0,5.4703689609302525e-06,"[-0.2779232340614507, 0.08870769536750517, 0.22418256947737356]","[-0.2758629011222999, 0.0895081759862779, 0.2275163582017417]","[-0.2758629011222999, 0.0895081759862779, 0.2275163582017417]",ok
dyn_fk_ramp_circle1_hold1.npz,equilibrium_seed,204,10.200000000000001,0.149176121869084,"[6.259596019566272, 44.72533502369843, 79.5921466921513]","[6.318388552405448, 44.83994147236734, 79.51689833441671]",0,6.089930445139366e-07,"[-0.20627866905903441, -0.03890784384313662, 0.2977646536699791]","[-0.20627866905903441, -0.03890784384313662, 0.2977646536699791]","[-0.1993968741908868, -0.046970661382731246, 0.3006982879540837]",ok
dyn_fk_ramp_circle1_hold1.npz,equilibrium_seed,154,7.7,0.12996464893331686,"[7.838890406960257, 34.28526273590195, 85.69955773531149]","[7.901072450356558, 34.38914223176474, 85.65230042063202]",0,8.872907515703199e-08,"[-0.2795166421517943, 0.07786355994458843, 0.22326822599369087]","[-0.2779232340614507, 0.08870769536750517, 0.22418256947737356]","[-0.2758629011222999, 0.0895081759862779, 0.2275163582017417]",ok
dyn_fk_ramp_circle1_hold2.npz,zero,0,0.0,34.38957984941847,"[-0.8271854888243086, 3.1247982290597, 94.23222600819753]","[-0.6508586331884046, 36.47902463805382, 85.85919240519144]",0,0.0018800380905404281,"[nan, nan, nan]","[0.0, 0.0, 0.01]","[0.0, 0.0, 0.01]",expected_initial_state_mismatch
dyn_fk_ramp_circle1_hold2.npz,zero,1,0.05,29.072865188756236,"[-0.8267741315303088, 3.1229615436203204, 94.23230417241786]","[-0.6714269343884285, 31.528844183578858, 88.04253931607344]",0,0.0008177488115043217,"[0.0, 0.0, 0.01]","[0.0, 0.0, 0.01]","[0.0008254364806927176, -0.0017271515371752304, 0.011894288857554296]",expected_initial_state_mismatch
dyn_fk_ramp_circle1_hold2.npz,zero,2,0.1,23.678916526383663,"[-0.8295190669235101, 3.2335892785405633, 94.2261064666029]","[-0.7189583029954905, 26.51448544931243, 89.90421594662618]",0,1.3233160583032461e-09,"[0.0, 0.0, 0.01]","[0.0008254364806927176, -0.0017271515371752304, 0.011894288857554296]","[0.0008254364806927176, -0.0017271515371752304, 0.011894288857554296]",expected_initial_state_mismatch
dyn_fk_ramp_circle1_hold2.npz,zero,3,0.15000000000000002,18.821697676858204,"[-0.8286026843712505, 3.3414878042212948, 94.22140559444091]","[-0.7509133447058783, 21.935592887653193, 91.30429676002215]",0,1.165131171026206e-06,"[0.0008254364806927176, -0.0017271515371752304, 0.011894288857554296]","[0.0008254364806927176, -0.0017271515371752304, 0.011894288857554296]","[0.0016508729613854353, -0.003454303074350461, 0.01378857771510859]",expected_initial_state_mismatch
dyn_fk_ramp_circle1_hold2.npz,zero,4,0.2,14.691437226733209,"[-0.8316425481707047, 3.5722651765680586, 94.20942012100925]","[-0.7896849785503787, 18.132616464918478, 92.25168221484657]",0,6.570333459993783e-09,"[0.0008254364806927176, -0.0017271515371752304, 0.011894288857554296]","[0.0016508729613854353, -0.003454303074350461, 0.01378857771510859]","[0.0016508729613854353, -0.003454303074350461, 0.01378857771510859]",expected_initial_state_mismatch
dyn_fk_ramp_circle1_hold2.npz,zero,5,0.25,11.311769041797373,"[-0.8308619064534647, 3.7968089649570183, 94.19879060810942]","[-0.8089957676692182, 15.032473909744033, 92.88902957058222]",0,5.9530232687087007e-08,"[0.0016508729613854353, -0.003454303074350461, 0.01378857771510859]","[0.0016508729613854353, -0.003454303074350461, 0.01378857771510859]","[0.002476309442078153, -0.0051814546115256915, 0.015682866572662886]",expected_initial_state_mismatch
dyn_fk_ramp_circle1_hold2.npz,zero,6,0.30000000000000004,8.606150702528216,"[-0.8343290714298208, 4.133216360027897, 94.1797744864622]","[-0.8308864995354636, 12.692854550162316, 93.2862353897697]",0,7.62315751270382e-10,"[0.0016508729613854353, -0.003454303074350461, 0.01378857771510859]","[0.002476309442078153, -0.0051814546115256915, 0.015682866572662886]","[0.002476309442078153, -0.0051814546115256915, 0.015682866572662886]",ok
dyn_fk_ramp_circle1_hold2.npz,zero,7,0.35000000000000003,6.488346653532732,"[-0.8335826789780123, 4.4424560880383455, 94.16285204110525]","[-0.8384893440624563, 10.901518062432292, 93.54711132295732]",0,2.0581311583491974e-08,"[0.002476309442078153, -0.0051814546115256915, 0.015682866572662886]","[0.002476309442078153, -0.0051814546115256915, 0.015682866572662886]","[0.0033017459227708706, -0.006908606148700922, 0.017577155430217185]",ok
dyn_fk_ramp_circle1_hold2.npz,zero,8,0.4,4.838430653367902,"[-0.8376047463538753, 4.846591427148263, 94.13670861475869]","[-0.8494183971958743, 9.665328011912415, 93.70076211372968]",0,1.1588844090619774e-07,"[0.002476309442078153, -0.0051814546115256915, 0.015682866572662886]","[0.0033017459227708706, -0.006908606148700922, 0.017577155430217185]","[0.0033017459227708706, -0.006908606148700922, 0.017577155430217185]",ok
dyn_fk_ramp_circle1_hold2.npz,zero,9,0.45,3.585271498869075,"[-0.8372016176840854, 5.2052592673437, 94.1137713307514]","[-0.8508587148657236, 8.776928161183138, 93.80205588827343]",0,3.251092619329128e-09,"[0.0033017459227708706, -0.006908606148700922, 0.017577155430217185]","[0.0033017459227708706, -0.006908606148700922, 0.017577155430217185]","[0.004127182403463588, -0.008635757685876152, 0.019471444287771478]",ok
dyn_fk_ramp_circle1_hold2.npz,zero,10,0.5,2.616286389182607,"[-0.8420500451950221, 5.644570150601664, 94.08097128863042]","[-0.8560908999169479, 8.25101598920299, 93.85470283069014]",0,0.0006498490442698883,"[0.0033017459227708706, -0.006908606148700922, 0.017577155430217185]","[0.004127182403463588, -0.008635757685876152, 0.019471444287771478]","[0.004127182403463588, -0.008635757685876152, 0.019471444287771478]",ok
dyn_fk_ramp_circle1_hold2.npz,zero,11,0.55,1.9115616267758124,"[-0.8421244579330738, 6.025602784845751, 94.05275757809872]","[-0.8574599879740616, 7.929847678159722, 93.88637230000052]",0,2.7733081915072826e-05,"[0.004127182403463588, -0.008635757685876152, 0.019471444287771478]","[0.004127182403463588, -0.008635757685876152, 0.019471444287771478]","[0.004952618884156306, -0.010362909223051383, 0.021365733145325777]",ok
dyn_fk_ramp_circle1_hold2.npz,zero,12,0.6000000000000001,1.3714145679295195,"[-0.84767428834455, 6.477209287939985, 94.01413297036434]","[-0.8626245133108169, 7.843034124321908, 93.89134484298607]",0,1.4419276158902839e-08,"[0.004127182403463588, -0.008635757685876152, 0.019471444287771478]","[0.004952618884156306, -0.010362909223051383, 0.021365733145325777]","[0.004952618884156306, -0.010362909223051383, 0.021365733145325777]",ok
dyn_fk_ramp_circle1_hold2.npz,zero,13,0.65,0.9858744702549863,"[-0.8496343287350993, 6.864394007761686, 93.98143386904627]","[-0.8620609151918268, 7.846018839492049, 93.89084280558016]",0,3.411545218776298e-07,"[0.004952618884156306, -0.010362909223051383, 0.021365733145325777]","[0.004952618884156306, -0.010362909223051383, 0.021365733145325777]","[0.005778055364849024, -0.012090060760226612, 0.02326002200288007]",ok
dyn_fk_ramp_circle1_hold2.npz,zero,14,0.7000000000000001,0.6963994375914948,"[-0.8563960842462752, 7.314299226060786, 93.93795025339375]","[-0.8670161477196253, 8.007413382110975, 93.87122576304421]",0,2.6026700797940465e-06,"[0.004952618884156306, -0.010362909223051383, 0.021365733145325777]","[0.005778055364849024, -0.012090060760226612, 0.02326002200288007]","[0.005778055364849024, -0.012090060760226612, 0.02326002200288007]",ok
dyn_fk_ramp_circle1_hold2.npz,zero,15,0.75,0.490446838057755,"[-0.8588696644474605, 7.695834990818159, 93.90175050640912]","[-0.8667615389021802, 8.183798481911806, 93.85309405115248]",0,1.103091784436817e-06,"[0.005778055364849024, -0.012090060760226612, 0.02326002200288007]","[0.005778055364849024, -0.012090060760226612, 0.02326002200288007]","[0.006603491845541741, -0.013817212297401843, 0.02515431086043437]",ok
dyn_fk_ramp_circle1_hold2.npz,zero,16,0.8,0.3402122015988587,"[-0.8662871786127591, 8.135690858950323, 93.85436641992796]","[-0.8727091275877314, 8.474004559510153, 93.8190543723858]",0,3.759243809597531e-08,"[0.005778055364849024, -0.012090060760226612, 0.02326002200288007]","[0.006603491845541741, -0.013817212297401843, 0.02515431086043437]","[0.006603491845541741, -0.013817212297401843, 0.02515431086043437]",ok
dyn_fk_ramp_circle1_hold2.npz,zero,17,0.8500000000000001,0.2335896653046043,"[-0.8692493479689057, 8.505945606271974, 93.81545914971225]","[-0.8733002770928388, 8.738141401143983, 93.79030294661827]",0,4.332666646630319e-05,"[0.006603491845541741, -0.013817212297401843, 0.02515431086043437]","[0.006603491845541741, -0.013817212297401843, 0.02515431086043437]","[0.007428928326234459, -0.015544363834577073, 0.02704859971798866]",ok
dyn_fk_ramp_circle1_hold2.npz,zero,18,0.9,0.1578995900436307,"[-0.8774856285142559, 8.931985769180066, 93.76490570802004]","[-0.8805510874532321, 9.088856970385448, 93.74717692549498]",0,1.4952449063005036e-09,"[0.006603491845541741, -0.013817212297401843, 0.02515431086043437]","[0.007428928326234459, -0.015544363834577073, 0.02704859971798866]","[0.007428928326234459, -0.015544363834577073, 0.02704859971798866]",ok
dyn_fk_ramp_circle1_hold2.npz,zero,19,0.9500000000000001,0.10671555666880198,"[-0.8797166005606941, 9.286414123890282, 93.72419162005428]","[-0.8822031039441359, 9.39237367195656, 93.7117577345133]",0,7.999077123430834e-07,"[0.007428928326234459, -0.015544363834577073, 0.02704859971798866]","[0.007428928326234459, -0.015544363834577073, 0.02704859971798866]","[0.008254364806927176, -0.017271515371752304, 0.028942888575542957]",ok
dyn_fk_ramp_circle1_hold2.npz,warm,0,0.0,34.38957984941847,"[-0.8271854888243086, 3.1247982290597, 94.23222600819753]","[-0.6508586331884046, 36.47902463805382, 85.85919240519144]",0,0.0018800380905404281,"[nan, nan, nan]","[0.0, 0.0, 0.01]","[0.0, 0.0, 0.01]",expected_initial_state_mismatch
dyn_fk_ramp_circle1_hold2.npz,warm,1,0.05,29.072865188756236,"[-0.8267741315303088, 3.1229615436203204, 94.23230417241786]","[-0.6714269343884285, 31.528844183578858, 88.04253931607344]",0,0.0008177488115043217,"[0.0, 0.0, 0.01]","[0.0, 0.0, 0.01]","[0.0008254364806927176, -0.0017271515371752304, 0.011894288857554296]",expected_initial_state_mismatch
dyn_fk_ramp_circle1_hold2.npz,warm,2,0.1,23.678916526383663,"[-0.8295190669235101, 3.2335892785405633, 94.2261064666029]","[-0.7189583029954905, 26.51448544931243, 89.90421594662618]",0,1.3233160583032461e-09,"[0.0, 0.0, 0.01]","[0.0008254364806927176, -0.0017271515371752304, 0.011894288857554296]","[0.0008254364806927176, -0.0017271515371752304, 0.011894288857554296]",expected_initial_state_mismatch
dyn_fk_ramp_circle1_hold2.npz,warm,3,0.15000000000000002,18.821697676858204,"[-0.8286026843712505, 3.3414878042212948, 94.22140559444091]","[-0.7509133447058783, 21.935592887653193, 91.30429676002215]",0,1.165131171026206e-06,"[0.0008254364806927176, -0.0017271515371752304, 0.011894288857554296]","[0.0008254364806927176, -0.0017271515371752304, 0.011894288857554296]","[0.0016508729613854353, -0.003454303074350461, 0.01378857771510859]",expected_initial_state_mismatch
dyn_fk_ramp_circle1_hold2.npz,warm,4,0.2,14.691437226733209,"[-0.8316425481707047, 3.5722651765680586, 94.20942012100925]","[-0.7896849785503787, 18.132616464918478, 92.25168221484657]",0,6.570333459993783e-09,"[0.0008254364806927176, -0.0017271515371752304, 0.011894288857554296]","[0.0016508729613854353, -0.003454303074350461, 0.01378857771510859]","[0.0016508729613854353, -0.003454303074350461, 0.01378857771510859]",expected_initial_state_mismatch
dyn_fk_ramp_circle1_hold2.npz,warm,5,0.25,11.311769041797373,"[-0.8308619064534647, 3.7968089649570183, 94.19879060810942]","[-0.8089957676692182, 15.032473909744033, 92.88902957058222]",0,5.9530232687087007e-08,"[0.0016508729613854353, -0.003454303074350461, 0.01378857771510859]","[0.0016508729613854353, -0.003454303074350461, 0.01378857771510859]","[0.002476309442078153, -0.0051814546115256915, 0.015682866572662886]",expected_initial_state_mismatch
dyn_fk_ramp_circle1_hold2.npz,warm,6,0.30000000000000004,8.606150702528216,"[-0.8343290714298208, 4.133216360027897, 94.1797744864622]","[-0.8308864995354636, 12.692854550162316, 93.2862353897697]",0,7.62315751270382e-10,"[0.0016508729613854353, -0.003454303074350461, 0.01378857771510859]","[0.002476309442078153, -0.0051814546115256915, 0.015682866572662886]","[0.002476309442078153, -0.0051814546115256915, 0.015682866572662886]",ok
dyn_fk_ramp_circle1_hold2.npz,warm,7,0.35000000000000003,6.488346653532732,"[-0.8335826789780123, 4.4424560880383455, 94.16285204110525]","[-0.8384893440624563, 10.901518062432292, 93.54711132295732]",0,2.0581311583491974e-08,"[0.002476309442078153, -0.0051814546115256915, 0.015682866572662886]","[0.002476309442078153, -0.0051814546115256915, 0.015682866572662886]","[0.0033017459227708706, -0.006908606148700922, 0.017577155430217185]",ok
dyn_fk_ramp_circle1_hold2.npz,warm,8,0.4,4.838430653367902,"[-0.8376047463538753, 4.846591427148263, 94.13670861475869]","[-0.8494183971958743, 9.665328011912415, 93.70076211372968]",0,1.1588844090619774e-07,"[0.002476309442078153, -0.0051814546115256915, 0.015682866572662886]","[0.0033017459227708706, -0.006908606148700922, 0.017577155430217185]","[0.0033017459227708706, -0.006908606148700922, 0.017577155430217185]",ok
dyn_fk_ramp_circle1_hold2.npz,warm,9,0.45,3.585271498869075,"[-0.8372016176840854, 5.2052592673437, 94.1137713307514]","[-0.8508587148657236, 8.776928161183138, 93.80205588827343]",0,3.251092619329128e-09,"[0.0033017459227708706, -0.006908606148700922, 0.017577155430217185]","[0.0033017459227708706, -0.006908606148700922, 0.017577155430217185]","[0.004127182403463588, -0.008635757685876152, 0.019471444287771478]",ok
dyn_fk_ramp_circle1_hold2.npz,warm,10,0.5,2.616286389182607,"[-0.8420500451950221, 5.644570150601664, 94.08097128863042]","[-0.8560908999169479, 8.25101598920299, 93.85470283069014]",0,0.0006498490442698883,"[0.0033017459227708706, -0.006908606148700922, 0.017577155430217185]","[0.004127182403463588, -0.008635757685876152, 0.019471444287771478]","[0.004127182403463588, -0.008635757685876152, 0.019471444287771478]",ok
dyn_fk_ramp_circle1_hold2.npz,warm,11,0.55,1.9115616267758124,"[-0.8421244579330738, 6.025602784845751, 94.05275757809872]","[-0.8574599879740616, 7.929847678159722, 93.88637230000052]",0,2.7733081915072826e-05,"[0.004127182403463588, -0.008635757685876152, 0.019471444287771478]","[0.004127182403463588, -0.008635757685876152, 0.019471444287771478]","[0.004952618884156306, -0.010362909223051383, 0.021365733145325777]",ok
dyn_fk_ramp_circle1_hold2.npz,warm,12,0.6000000000000001,1.3714145679295195,"[-0.84767428834455, 6.477209287939985, 94.01413297036434]","[-0.8626245133108169, 7.843034124321908, 93.89134484298607]",0,1.4419276158902839e-08,"[0.004127182403463588, -0.008635757685876152, 0.019471444287771478]","[0.004952618884156306, -0.010362909223051383, 0.021365733145325777]","[0.004952618884156306, -0.010362909223051383, 0.021365733145325777]",ok
dyn_fk_ramp_circle1_hold2.npz,warm,13,0.65,0.9858744702549863,"[-0.8496343287350993, 6.864394007761686, 93.98143386904627]","[-0.8620609151918268, 7.846018839492049, 93.89084280558016]",0,3.411545218776298e-07,"[0.004952618884156306, -0.010362909223051383, 0.021365733145325777]","[0.004952618884156306, -0.010362909223051383, 0.021365733145325777]","[0.005778055364849024, -0.012090060760226612, 0.02326002200288007]",ok
dyn_fk_ramp_circle1_hold2.npz,warm,14,0.7000000000000001,0.6963994375914948,"[-0.8563960842462752, 7.314299226060786, 93.93795025339375]","[-0.8670161477196253, 8.007413382110975, 93.87122576304421]",0,2.6026700797940465e-06,"[0.004952618884156306, -0.010362909223051383, 0.021365733145325777]","[0.005778055364849024, -0.012090060760226612, 0.02326002200288007]","[0.005778055364849024, -0.012090060760226612, 0.02326002200288007]",ok
dyn_fk_ramp_circle1_hold2.npz,warm,15,0.75,0.490446838057755,"[-0.8588696644474605, 7.695834990818159, 93.90175050640912]","[-0.8667615389021802, 8.183798481911806, 93.85309405115248]",0,1.103091784436817e-06,"[0.005778055364849024, -0.012090060760226612, 0.02326002200288007]","[0.005778055364849024, -0.012090060760226612, 0.02326002200288007]","[0.006603491845541741, -0.013817212297401843, 0.02515431086043437]",ok
dyn_fk_ramp_circle1_hold2.npz,warm,16,0.8,0.3402122015988587,"[-0.8662871786127591, 8.135690858950323, 93.85436641992796]","[-0.8727091275877314, 8.474004559510153, 93.8190543723858]",0,3.759243809597531e-08,"[0.005778055364849024, -0.012090060760226612, 0.02326002200288007]","[0.006603491845541741, -0.013817212297401843, 0.02515431086043437]","[0.006603491845541741, -0.013817212297401843, 0.02515431086043437]",ok
dyn_fk_ramp_circle1_hold2.npz,warm,17,0.8500000000000001,0.2335896653046043,"[-0.8692493479689057, 8.505945606271974, 93.81545914971225]","[-0.8733002770928388, 8.738141401143983, 93.79030294661827]",0,4.332666646630319e-05,"[0.006603491845541741, -0.013817212297401843, 0.02515431086043437]","[0.006603491845541741, -0.013817212297401843, 0.02515431086043437]","[0.007428928326234459, -0.015544363834577073, 0.02704859971798866]",ok
dyn_fk_ramp_circle1_hold2.npz,warm,18,0.9,0.1578995900436307,"[-0.8774856285142559, 8.931985769180066, 93.76490570802004]","[-0.8805510874532321, 9.088856970385448, 93.74717692549498]",0,1.4952449063005036e-09,"[0.006603491845541741, -0.013817212297401843, 0.02515431086043437]","[0.007428928326234459, -0.015544363834577073, 0.02704859971798866]","[0.007428928326234459, -0.015544363834577073, 0.02704859971798866]",ok
dyn_fk_ramp_circle1_hold2.npz,warm,19,0.9500000000000001,0.10671555666880198,"[-0.8797166005606941, 9.286414123890282, 93.72419162005428]","[-0.8822031039441359, 9.39237367195656, 93.7117577345133]",0,7.999077123430834e-07,"[0.007428928326234459, -0.015544363834577073, 0.02704859971798866]","[0.007428928326234459, -0.015544363834577073, 0.02704859971798866]","[0.008254364806927176, -0.017271515371752304, 0.028942888575542957]",ok
dyn_fk_ramp_circle1_hold2.npz,workspace,0,0.0,34.38957984941847,"[-0.8271854888243086, 3.1247982290597, 94.23222600819753]","[-0.6508586331884046, 36.47902463805382, 85.85919240519144]",0,0.0018800380905404281,"[nan, nan, nan]","[0.0, 0.0, 0.01]","[0.0, 0.0, 0.01]",expected_initial_state_mismatch
dyn_fk_ramp_circle1_hold2.npz,workspace,1,0.05,29.072865188756236,"[-0.8267741315303088, 3.1229615436203204, 94.23230417241786]","[-0.6714269343884285, 31.528844183578858, 88.04253931607344]",0,0.0008177488115043217,"[0.0, 0.0, 0.01]","[0.0, 0.0, 0.01]","[0.0008254364806927176, -0.0017271515371752304, 0.011894288857554296]",expected_initial_state_mismatch
dyn_fk_ramp_circle1_hold2.npz,workspace,2,0.1,23.678916526383663,"[-0.8295190669235101, 3.2335892785405633, 94.2261064666029]","[-0.7189583029954905, 26.51448544931243, 89.90421594662618]",0,1.3233160583032461e-09,"[0.0, 0.0, 0.01]","[0.0008254364806927176, -0.0017271515371752304, 0.011894288857554296]","[0.0008254364806927176, -0.0017271515371752304, 0.011894288857554296]",expected_initial_state_mismatch
dyn_fk_ramp_circle1_hold2.npz,workspace,3,0.15000000000000002,18.821697676858204,"[-0.8286026843712505, 3.3414878042212948, 94.22140559444091]","[-0.7509133447058783, 21.935592887653193, 91.30429676002215]",0,1.165131171026206e-06,"[0.0008254364806927176, -0.0017271515371752304, 0.011894288857554296]","[0.0008254364806927176, -0.0017271515371752304, 0.011894288857554296]","[0.0016508729613854353, -0.003454303074350461, 0.01378857771510859]",expected_initial_state_mismatch
dyn_fk_ramp_circle1_hold2.npz,workspace,4,0.2,14.691437226733209,"[-0.8316425481707047, 3.5722651765680586, 94.20942012100925]","[-0.7896849785503787, 18.132616464918478, 92.25168221484657]",0,6.570333459993783e-09,"[0.0008254364806927176, -0.0017271515371752304, 0.011894288857554296]","[0.0016508729613854353, -0.003454303074350461, 0.01378857771510859]","[0.0016508729613854353, -0.003454303074350461, 0.01378857771510859]",expected_initial_state_mismatch
dyn_fk_ramp_circle1_hold2.npz,workspace,5,0.25,11.311769041797373,"[-0.8308619064534647, 3.7968089649570183, 94.19879060810942]","[-0.8089957676692182, 15.032473909744033, 92.88902957058222]",0,5.9530232687087007e-08,"[0.0016508729613854353, -0.003454303074350461, 0.01378857771510859]","[0.0016508729613854353, -0.003454303074350461, 0.01378857771510859]","[0.002476309442078153, -0.0051814546115256915, 0.015682866572662886]",expected_initial_state_mismatch
dyn_fk_ramp_circle1_hold2.npz,workspace,6,0.30000000000000004,8.606150702528216,"[-0.8343290714298208, 4.133216360027897, 94.1797744864622]","[-0.8308864995354636, 12.692854550162316, 93.2862353897697]",0,7.62315751270382e-10,"[0.0016508729613854353, -0.003454303074350461, 0.01378857771510859]","[0.002476309442078153, -0.0051814546115256915, 0.015682866572662886]","[0.002476309442078153, -0.0051814546115256915, 0.015682866572662886]",ok
dyn_fk_ramp_circle1_hold2.npz,workspace,7,0.35000000000000003,6.488346653532732,"[-0.8335826789780123, 4.4424560880383455, 94.16285204110525]","[-0.8384893440624563, 10.901518062432292, 93.54711132295732]",0,2.0581311583491974e-08,"[0.002476309442078153, -0.0051814546115256915, 0.015682866572662886]","[0.002476309442078153, -0.0051814546115256915, 0.015682866572662886]","[0.0033017459227708706, -0.006908606148700922, 0.017577155430217185]",ok
dyn_fk_ramp_circle1_hold2.npz,workspace,8,0.4,4.838430653367902,"[-0.8376047463538753, 4.846591427148263, 94.13670861475869]","[-0.8494183971958743, 9.665328011912415, 93.70076211372968]",0,1.1588844090619774e-07,"[0.002476309442078153, -0.0051814546115256915, 0.015682866572662886]","[0.0033017459227708706, -0.006908606148700922, 0.017577155430217185]","[0.0033017459227708706, -0.006908606148700922, 0.017577155430217185]",ok
dyn_fk_ramp_circle1_hold2.npz,workspace,9,0.45,3.585271498869075,"[-0.8372016176840854, 5.2052592673437, 94.1137713307514]","[-0.8508587148657236, 8.776928161183138, 93.80205588827343]",0,3.251092619329128e-09,"[0.0033017459227708706, -0.006908606148700922, 0.017577155430217185]","[0.0033017459227708706, -0.006908606148700922, 0.017577155430217185]","[0.004127182403463588, -0.008635757685876152, 0.019471444287771478]",ok
dyn_fk_ramp_circle1_hold2.npz,workspace,10,0.5,2.616286389182607,"[-0.8420500451950221, 5.644570150601664, 94.08097128863042]","[-0.8560908999169479, 8.25101598920299, 93.85470283069014]",0,0.0006498490442698883,"[0.0033017459227708706, -0.006908606148700922, 0.017577155430217185]","[0.004127182403463588, -0.008635757685876152, 0.019471444287771478]","[0.004127182403463588, -0.008635757685876152, 0.019471444287771478]",ok
dyn_fk_ramp_circle1_hold2.npz,workspace,11,0.55,1.9115616267758124,"[-0.8421244579330738, 6.025602784845751, 94.05275757809872]","[-0.8574599879740616, 7.929847678159722, 93.88637230000052]",0,2.7733081915072826e-05,"[0.004127182403463588, -0.008635757685876152, 0.019471444287771478]","[0.004127182403463588, -0.008635757685876152, 0.019471444287771478]","[0.004952618884156306, -0.010362909223051383, 0.021365733145325777]",ok
dyn_fk_ramp_circle1_hold2.npz,workspace,12,0.6000000000000001,1.3714145679295195,"[-0.84767428834455, 6.477209287939985, 94.01413297036434]","[-0.8626245133108169, 7.843034124321908, 93.89134484298607]",0,1.4419276158902839e-08,"[0.004127182403463588, -0.008635757685876152, 0.019471444287771478]","[0.004952618884156306, -0.010362909223051383, 0.021365733145325777]","[0.004952618884156306, -0.010362909223051383, 0.021365733145325777]",ok
dyn_fk_ramp_circle1_hold2.npz,workspace,13,0.65,0.9858744702549863,"[-0.8496343287350993, 6.864394007761686, 93.98143386904627]","[-0.8620609151918268, 7.846018839492049, 93.89084280558016]",0,3.411545218776298e-07,"[0.004952618884156306, -0.010362909223051383, 0.021365733145325777]","[0.004952618884156306, -0.010362909223051383, 0.021365733145325777]","[0.005778055364849024, -0.012090060760226612, 0.02326002200288007]",ok
dyn_fk_ramp_circle1_hold2.npz,workspace,14,0.7000000000000001,0.6963994375914948,"[-0.8563960842462752, 7.314299226060786, 93.93795025339375]","[-0.8670161477196253, 8.007413382110975, 93.87122576304421]",0,2.6026700797940465e-06,"[0.004952618884156306, -0.010362909223051383, 0.021365733145325777]","[0.005778055364849024, -0.012090060760226612, 0.02326002200288007]","[0.005778055364849024, -0.012090060760226612, 0.02326002200288007]",ok
dyn_fk_ramp_circle1_hold2.npz,workspace,15,0.75,0.490446838057755,"[-0.8588696644474605, 7.695834990818159, 93.90175050640912]","[-0.8667615389021802, 8.183798481911806, 93.85309405115248]",0,1.103091784436817e-06,"[0.005778055364849024, -0.012090060760226612, 0.02326002200288007]","[0.005778055364849024, -0.012090060760226612, 0.02326002200288007]","[0.006603491845541741, -0.013817212297401843, 0.02515431086043437]",ok
dyn_fk_ramp_circle1_hold2.npz,workspace,16,0.8,0.3402122015988587,"[-0.8662871786127591, 8.135690858950323, 93.85436641992796]","[-0.8727091275877314, 8.474004559510153, 93.8190543723858]",0,3.759243809597531e-08,"[0.005778055364849024, -0.012090060760226612, 0.02326002200288007]","[0.006603491845541741, -0.013817212297401843, 0.02515431086043437]","[0.006603491845541741, -0.013817212297401843, 0.02515431086043437]",ok
dyn_fk_ramp_circle1_hold2.npz,workspace,17,0.8500000000000001,0.2335896653046043,"[-0.8692493479689057, 8.505945606271974, 93.81545914971225]","[-0.8733002770928388, 8.738141401143983, 93.79030294661827]",0,4.332666646630319e-05,"[0.006603491845541741, -0.013817212297401843, 0.02515431086043437]","[0.006603491845541741, -0.013817212297401843, 0.02515431086043437]","[0.007428928326234459, -0.015544363834577073, 0.02704859971798866]",ok
dyn_fk_ramp_circle1_hold2.npz,workspace,18,0.9,0.1578995900436307,"[-0.8774856285142559, 8.931985769180066, 93.76490570802004]","[-0.8805510874532321, 9.088856970385448, 93.74717692549498]",0,1.4952449063005036e-09,"[0.006603491845541741, -0.013817212297401843, 0.02515431086043437]","[0.007428928326234459, -0.015544363834577073, 0.02704859971798866]","[0.007428928326234459, -0.015544363834577073, 0.02704859971798866]",ok
dyn_fk_ramp_circle1_hold2.npz,workspace,19,0.9500000000000001,0.10671555666880198,"[-0.8797166005606941, 9.286414123890282, 93.72419162005428]","[-0.8822031039441359, 9.39237367195656, 93.7117577345133]",0,7.999077123430834e-07,"[0.007428928326234459, -0.015544363834577073, 0.02704859971798866]","[0.007428928326234459, -0.015544363834577073, 0.02704859971798866]","[0.008254364806927176, -0.017271515371752304, 0.028942888575542957]",ok
dyn_fk_ramp_circle1_hold2.npz,equilibrium_seed,2,0.1,3.39585824777689,"[-0.8295190669235101, 3.2335892785405633, 94.2261064666029]","[-1.5848763498739344, 6.537832673261374, 94.01810597974774]",0,4.048166814401859e-06,"[0.0, 0.0, 0.01]","[0.0008254364806927176, -0.0017271515371752304, 0.011894288857554296]","[0.0008254364806927176, -0.0017271515371752304, 0.011894288857554296]",ok
dyn_fk_ramp_circle1_hold2.npz,equilibrium_seed,1,0.05,3.1561205413719975,"[-0.8267741315303088, 3.1229615436203204, 94.23230417241786]","[-1.5098270508686762, 6.199000011474708, 94.05196303641823]",0,3.204189616470838e-07,"[0.0, 0.0, 0.01]","[0.0, 0.0, 0.01]","[0.0008254364806927176, -0.0017271515371752304, 0.011894288857554296]",ok
dyn_fk_ramp_circle1_hold2.npz,equilibrium_seed,3,0.15000000000000002,3.1182628351800967,"[-0.8286026843712505, 3.3414878042212948, 94.22140559444091]","[-1.5409475242040773, 6.371260197088701, 94.03007555015233]",0,4.7124170382575905e-06,"[0.0008254364806927176, -0.0017271515371752304, 0.011894288857554296]","[0.0008254364806927176, -0.0017271515371752304, 0.011894288857554296]","[0.0016508729613854353, -0.003454303074350461, 0.01378857771510859]",ok
dyn_fk_ramp_circle1_hold2.npz,equilibrium_seed,4,0.2,2.6777955581407205,"[-0.8316425481707047, 3.5722651765680586, 94.20942012100925]","[-1.4554987419357748, 6.171099493972427, 94.0437315837458]",0,4.9352974891463514e-05,"[0.0008254364806927176, -0.0017271515371752304, 0.011894288857554296]","[0.0016508729613854353, -0.003454303074350461, 0.01378857771510859]","[0.0016508729613854353, -0.003454303074350461, 0.01378857771510859]",ok
dyn_fk_ramp_circle1_hold2.npz,equilibrium_seed,5,0.25,2.1495003999392983,"[-0.8308619064534647, 3.7968089649570183, 94.19879060810942]","[-1.3515775672235535, 5.878076489954063, 94.06637965931496]",0,1.971116328122413e-07,"[0.0016508729613854353, -0.003454303074350461, 0.01378857771510859]","[0.0016508729613854353, -0.003454303074350461, 0.01378857771510859]","[0.002476309442078153, -0.0051814546115256915, 0.015682866572662886]",ok
dyn_fk_ramp_circle1_hold2.npz,equilibrium_seed,6,0.30000000000000004,1.7121974524914823,"[-0.8343290714298208, 4.133216360027897, 94.1797744864622]","[-1.2580114970024519, 5.788640334952044, 94.07167831712418]",0,3.5389996473899984e-10,"[0.0016508729613854353, -0.003454303074350461, 0.01378857771510859]","[0.002476309442078153, -0.0051814546115256915, 0.015682866572662886]","[0.002476309442078153, -0.0051814546115256915, 0.015682866572662886]",ok
dyn_fk_ramp_circle1_hold2.npz,equilibrium_seed,0,0.0,1.471045161581128,"[-0.8271854888243086, 3.1247982290597, 94.23222600819753]","[-1.1466320582554779, 4.5594038177016145, 94.17030217007932]",0,5.899380719777282e-07,"[nan, nan, nan]","[0.0, 0.0, 0.01]","[0.0, 0.0, 0.01]",ok
dyn_fk_ramp_circle1_hold2.npz,equilibrium_seed,7,0.35000000000000003,1.3299979894009406,"[-0.8335826789780123, 4.4424560880383455, 94.16285204110525]","[-1.1706339429349344, 5.726170850809684, 94.07701786889795]",0,1.2312519861114765e-09,"[0.002476309442078153, -0.0051814546115256915, 0.015682866572662886]","[0.002476309442078153, -0.0051814546115256915, 0.015682866572662886]","[0.0033017459227708706, -0.006908606148700922, 0.017577155430217185]",ok
dyn_fk_ramp_circle1_hold2.npz,equilibrium_seed,8,0.4,1.0217852705607966,"[-0.8376047463538753, 4.846591427148263, 94.13670861475869]","[-1.1025445709250232, 5.831008948321147, 94.06761322779947]",0,1.1850100928386918e-09,"[0.002476309442078153, -0.0051814546115256915, 0.015682866572662886]","[0.0033017459227708706, -0.006908606148700922, 0.017577155430217185]","[0.0033017459227708706, -0.006908606148700922, 0.017577155430217185]",ok
dyn_fk_ramp_circle1_hold2.npz,equilibrium_seed,9,0.45,0.7716976775587949,"[-0.8372016176840854, 5.2052592673437, 94.1137713307514]","[-1.0427457389407315, 5.947098235966287, 94.05951394047646]",0,1.2819007349400087e-05,"[0.0033017459227708706, -0.006908606148700922, 0.017577155430217185]","[0.0033017459227708706, -0.006908606148700922, 0.017577155430217185]","[0.004127182403463588, -0.008635757685876152, 0.019471444287771478]",ok
dyn_fk_ramp_circle1_hold2.npz,equilibrium_seed,10,0.5,0.5748659464370333,"[-0.8420500451950221, 5.644570150601664, 94.08097128863042]","[-1.0013702509888778, 6.1952968419318815, 94.0386860683375]",0,0.0007303646755807652,"[0.0033017459227708706, -0.006908606148700922, 0.017577155430217185]","[0.004127182403463588, -0.008635757685876152, 0.019471444287771478]","[0.004127182403463588, -0.008635757685876152, 0.019471444287771478]",ok
dyn_fk_ramp_circle1_hold2.npz,equilibrium_seed,11,0.55,0.4026168448971516,"[-0.8421244579330738, 6.025602784845751, 94.05275757809872]","[-0.9591406138839412, 6.409560041646556, 94.0213829387953]",0,7.312831383476778e-05,"[0.004127182403463588, -0.008635757685876152, 0.019471444287771478]","[0.004127182403463588, -0.008635757685876152, 0.019471444287771478]","[0.004952618884156306, -0.010362909223051383, 0.021365733145325777]",ok
dyn_fk_ramp_circle1_hold2.npz,equilibrium_seed,12,0.6000000000000001,0.28667004190241796,"[-0.84767428834455, 6.477209287939985, 94.01413297036434]","[-0.9353854878293975, 6.749111642726919, 93.99056248308504]",0,5.410061004883131e-09,"[0.004127182403463588, -0.008635757685876152, 0.019471444287771478]","[0.004952618884156306, -0.010362909223051383, 0.021365733145325777]","[0.004952618884156306, -0.010362909223051383, 0.021365733145325777]",ok
dyn_fk_ramp_circle1_hold2.npz,equilibrium_seed,13,0.65,0.19160434507447693,"[-0.8496343287350993, 6.864394007761686, 93.98143386904627]","[-0.9135590169465183, 7.044267001468185, 93.96495462684422]",0,9.676674424819187e-05,"[0.004952618884156306, -0.010362909223051383, 0.021365733145325777]","[0.004952618884156306, -0.010362909223051383, 0.021365733145325777]","[0.005778055364849024, -0.012090060760226612, 0.02326002200288007]",ok
dyn_fk_ramp_circle1_hold2.npz,equilibrium_seed,14,0.7000000000000001,0.13126840727568223,"[-0.8563960842462752, 7.314299226060786, 93.93795025339375]","[-0.9042287162687391, 7.435971473553396, 93.92614778532156]",0,9.6615831603969e-07,"[0.004952618884156306, -0.010362909223051383, 0.021365733145325777]","[0.005778055364849024, -0.012090060760226612, 0.02326002200288007]","[0.005778055364849024, -0.012090060760226612, 0.02326002200288007]",ok
dyn_fk_ramp_circle1_hold2.npz,equilibrium_seed,520,26.0,0.09346923103603555,"[-8.322067430380466, 42.673799505145766, 80.8141780625469]","[-8.249986017140511, 42.61851448386363, 80.83618563937017]",0,2.1648784485050942e-05,"[0.2322233819305026, -0.028981068970772295, 0.2693589649870039]","[0.2322233819305026, -0.028981068970772295, 0.2693589649870039]","[0.2322233819305026, -0.028981068970772295, 0.2693589649870039]",ok
dyn_fk_ramp_circle1_hold2.npz,equilibrium_seed,325,16.25,0.08536169915829375,"[9.342995324938178, 36.13466946253554, 84.55894940360251]","[9.286691707034835, 36.07979741604413, 84.59219967891009]",0,8.11422937269639e-06,"[-0.26806874535690606, 0.10957194386688855, 0.2354312777248956]","[-0.26806874535690606, 0.10957194386688855, 0.2354312777248956]","[-0.2662138031279939, 0.10832752761474439, 0.23874938316261643]",ok
dyn_fk_ramp_circle1_hold2.npz,equilibrium_seed,324,16.2,0.08408483875377605,"[9.319157411436642, 36.070643372216246, 84.59408736366522]","[9.252724094870196, 36.02749839477658, 84.62228994297921]",0,1.0709934262313883e-05,"[-0.26806874535690606, 0.10957194386688855, 0.2354312777248956]","[-0.26806874535690606, 0.10957194386688855, 0.2354312777248956]","[-0.26806874535690606, 0.10957194386688855, 0.2354312777248956]",ok
dyn_fk_ramp_circle1_hold2.npz,equilibrium_seed,15,0.75,0.08291513088468105,"[-0.8588696644474605, 7.695834990818159, 93.90175050640912]","[-0.8931299132647141, 7.770945224869517, 93.89402994805147]",0,6.890430816191676e-07,"[0.005778055364849024, -0.012090060760226612, 0.02326002200288007]","[0.005778055364849024, -0.012090060760226612, 0.02326002200288007]","[0.006603491845541741, -0.013817212297401843, 0.02515431086043437]",ok
dyn_fk_ramp_circle1_hold2.npz,equilibrium_seed,303,15.15,0.08043093500747257,"[7.520676488458424, 34.06042164199767, 85.88114429581697]","[7.441730853486878, 34.05065225734769, 85.8930304705034]",0,3.5149699932633833e-06,"[-0.28176839349238486, 0.06853322999823845, 0.22046648544664604]","[-0.28176839349238486, 0.06853322999823845, 0.22046648544664604]","[-0.2795166421517943, 0.07786355994458843, 0.22326822599369087]",ok
